timestamp,action,package,version
2025-08-05 16:48:11,installed,base-passwd,3.6.3build1
2025-08-05 16:48:11, installed, base-passwd                                  , 3.6.3build1
2025-08-05 16:48:12,installed,base-files,13ubuntu10
2025-08-05 16:48:12, installed, base-files                                   , 13ubuntu10
2025-08-05 16:48:12,installed,dpkg,1.22.6ubuntu6
2025-08-05 16:48:12, installed, dpkg                                         , 1.22.6ubuntu6
2025-08-05 16:48:12,installed,libc6,2.39-0ubuntu8
2025-08-05 16:48:12, installed, libc6                                        , 2.39-0ubuntu8
2025-08-05 16:48:13,installed,debconf,1.5.86ubuntu1
2025-08-05 16:48:13, installed, debconf                                      , 1.5.86ubuntu1
2025-08-05 16:48:13,installed,mawk,1.3.4.20240123-1build1
2025-08-05 16:48:13, installed, mawk                                         , 1.3.4.20240123-1build1
2025-08-05 16:48:13,installed,perl-base,5.38.2-3.2build2
2025-08-05 16:48:13, installed, perl-base                                    , 5.38.2-3.2build2
2025-08-05 16:48:17,installed,base-files,13ubuntu10
2025-08-05 16:48:17, installed, base-files                                   , 13ubuntu10
2025-08-05 16:48:17,installed,bash,5.2.21-2ubuntu4
2025-08-05 16:48:17, installed, bash                                         , 5.2.21-2ubuntu4
2025-08-05 16:48:17,installed,debconf,1.5.86ubuntu1
2025-08-05 16:48:17, installed, debconf                                      , 1.5.86ubuntu1
2025-08-05 16:48:17,installed,debianutils,5.17build1
2025-08-05 16:48:17, installed, debianutils                                  , 5.17build1
2025-08-05 16:48:17,installed,diffutils,1:3.10-1build1
2025-08-05 16:48:17, installed, diffutils                                    , 1:3.10-1build1
2025-08-05 16:48:17,installed,e2fsprogs,1.47.0-2.4~exp1ubuntu4
2025-08-05 16:48:17, installed, e2fsprogs                                    , 1.47.0-2.4~exp1ubuntu4
2025-08-05 16:48:17,installed,findutils,4.9.0-5build1
2025-08-05 16:48:17, installed, findutils                                    , 4.9.0-5build1
2025-08-05 16:48:17,installed,gcc-14-base,14-20240412-0ubuntu1
2025-08-05 16:48:17, installed, gcc-14-base                                  , 14-20240412-0ubuntu1
2025-08-05 16:48:17,installed,grep,3.11-4build1
2025-08-05 16:48:17, installed, grep                                         , 3.11-4build1
2025-08-05 16:48:17,installed,hostname,3.23+nmu2ubuntu2
2025-08-05 16:48:17, installed, hostname                                     , 3.23+nmu2ubuntu2
2025-08-05 16:48:17,installed,init-system-helpers,1.66ubuntu1
2025-08-05 16:48:17, installed, init-system-helpers                          , 1.66ubuntu1
2025-08-05 16:48:17,installed,libacl1,2.3.2-1build1
2025-08-05 16:48:17, installed, libacl1                                      , 2.3.2-1build1
2025-08-05 16:48:17,installed,libattr1,1:2.5.2-1build1
2025-08-05 16:48:17, installed, libattr1                                     , 1:2.5.2-1build1
2025-08-05 16:48:17,installed,libaudit1,1:3.1.2-2.1build1
2025-08-05 16:48:17, installed, libaudit1                                    , 1:3.1.2-2.1build1
2025-08-05 16:48:17,installed,libaudit-common,1:3.1.2-2.1build1
2025-08-05 16:48:17, installed, libaudit-common                              , 1:3.1.2-2.1build1
2025-08-05 16:48:17,installed,libblkid1,2.39.3-9ubuntu6
2025-08-05 16:48:17, installed, libblkid1                                    , 2.39.3-9ubuntu6
2025-08-05 16:48:17,installed,libbz2-1.0,1.0.8-5.1
2025-08-05 16:48:17, installed, libbz2-1.0                                   , 1.0.8-5.1
2025-08-05 16:48:17,installed,libc6,2.39-0ubuntu8
2025-08-05 16:48:17, installed, libc6                                        , 2.39-0ubuntu8
2025-08-05 16:48:17,installed,libcap2,1:2.66-5ubuntu2
2025-08-05 16:48:17, installed, libcap2                                      , 1:2.66-5ubuntu2
2025-08-05 16:48:17,installed,libcap-ng0,0.8.4-2build2
2025-08-05 16:48:17, installed, libcap-ng0                                   , 0.8.4-2build2
2025-08-05 16:48:17,installed,libc-bin,2.39-0ubuntu8
2025-08-05 16:48:17, installed, libc-bin                                     , 2.39-0ubuntu8
2025-08-05 16:48:17,installed,libcom-err2,1.47.0-2.4~exp1ubuntu4
2025-08-05 16:48:17, installed, libcom-err2                                  , 1.47.0-2.4~exp1ubuntu4
2025-08-05 16:48:17,installed,libcrypt1,1:4.4.36-4build1
2025-08-05 16:48:17, installed, libcrypt1                                    , 1:4.4.36-4build1
2025-08-05 16:48:17,installed,libdebconfclient0,0.271ubuntu3
2025-08-05 16:48:17, installed, libdebconfclient0                            , 0.271ubuntu3
2025-08-05 16:48:17,installed,libext2fs2t64,1.47.0-2.4~exp1ubuntu4
2025-08-05 16:48:17, installed, libext2fs2t64                                , 1.47.0-2.4~exp1ubuntu4
2025-08-05 16:48:17,installed,libgcc-s1,14-20240412-0ubuntu1
2025-08-05 16:48:17, installed, libgcc-s1                                    , 14-20240412-0ubuntu1
2025-08-05 16:48:17,installed,libgcrypt20,1.10.3-2build1
2025-08-05 16:48:17, installed, libgcrypt20                                  , 1.10.3-2build1
2025-08-05 16:48:17,installed,libgmp10,2:6.3.0+dfsg-2ubuntu6
2025-08-05 16:48:17, installed, libgmp10                                     , 2:6.3.0+dfsg-2ubuntu6
2025-08-05 16:48:17,installed,libgpg-error0,1.47-3build2
2025-08-05 16:48:17, installed, libgpg-error0                                , 1.47-3build2
2025-08-05 16:48:17,installed,liblz4-1,1.9.4-1build1
2025-08-05 16:48:17, installed, liblz4-1                                     , 1.9.4-1build1
2025-08-05 16:48:17,installed,liblzma5,5.6.1+really5.4.5-1
2025-08-05 16:48:17, installed, liblzma5                                     , 5.6.1+really5.4.5-1
2025-08-05 16:48:17,installed,libmd0,1.1.0-2build1
2025-08-05 16:48:17, installed, libmd0                                       , 1.1.0-2build1
2025-08-05 16:48:17,installed,libmount1,2.39.3-9ubuntu6
2025-08-05 16:48:17, installed, libmount1                                    , 2.39.3-9ubuntu6
2025-08-05 16:48:17,installed,libncursesw6,6.4+20240113-1ubuntu2
2025-08-05 16:48:17, installed, libncursesw6                                 , 6.4+20240113-1ubuntu2
2025-08-05 16:48:17,installed,libpam0g,1.5.3-5ubuntu5
2025-08-05 16:48:17, installed, libpam0g                                     , 1.5.3-5ubuntu5
2025-08-05 16:48:17,installed,libpcre2-8-0,10.42-4ubuntu2
2025-08-05 16:48:17, installed, libpcre2-8-0                                 , 10.42-4ubuntu2
2025-08-05 16:48:17,installed,libproc2-0,2:4.0.4-4ubuntu3
2025-08-05 16:48:17, installed, libproc2-0                                   , 2:4.0.4-4ubuntu3
2025-08-05 16:48:17,installed,libselinux1,3.5-2ubuntu2
2025-08-05 16:48:17, installed, libselinux1                                  , 3.5-2ubuntu2
2025-08-05 16:48:17,installed,libsemanage-common,3.5-1build5
2025-08-05 16:48:17, installed, libsemanage-common                           , 3.5-1build5
2025-08-05 16:48:17,installed,libsepol2,3.5-2build1
2025-08-05 16:48:17, installed, libsepol2                                    , 3.5-2build1
2025-08-05 16:48:17,installed,libsmartcols1,2.39.3-9ubuntu6
2025-08-05 16:48:17, installed, libsmartcols1                                , 2.39.3-9ubuntu6
2025-08-05 16:48:17,installed,libss2,1.47.0-2.4~exp1ubuntu4
2025-08-05 16:48:17, installed, libss2                                       , 1.47.0-2.4~exp1ubuntu4
2025-08-05 16:48:17,installed,libssl3t64,3.0.13-0ubuntu3
2025-08-05 16:48:17, installed, libssl3t64                                   , 3.0.13-0ubuntu3
2025-08-05 16:48:17,installed,libsystemd0,255.4-1ubuntu8
2025-08-05 16:48:17, installed, libsystemd0                                  , 255.4-1ubuntu8
2025-08-05 16:48:17,installed,libtinfo6,6.4+20240113-1ubuntu2
2025-08-05 16:48:17, installed, libtinfo6                                    , 6.4+20240113-1ubuntu2
2025-08-05 16:48:17,installed,libudev1,255.4-1ubuntu8
2025-08-05 16:48:17, installed, libudev1                                     , 255.4-1ubuntu8
2025-08-05 16:48:17,installed,libuuid1,2.39.3-9ubuntu6
2025-08-05 16:48:17, installed, libuuid1                                     , 2.39.3-9ubuntu6
2025-08-05 16:48:17,installed,libzstd1,1.5.5+dfsg2-2build1
2025-08-05 16:48:17, installed, libzstd1                                     , 1.5.5+dfsg2-2build1
2025-08-05 16:48:17,installed,logsave,1.47.0-2.4~exp1ubuntu4
2025-08-05 16:48:17, installed, logsave                                      , 1.47.0-2.4~exp1ubuntu4
2025-08-05 16:48:17,installed,mawk,1.3.4.20240123-1build1
2025-08-05 16:48:17, installed, mawk                                         , 1.3.4.20240123-1build1
2025-08-05 16:48:17,installed,ncurses-base,6.4+20240113-1ubuntu2
2025-08-05 16:48:17, installed, ncurses-base                                 , 6.4+20240113-1ubuntu2
2025-08-05 16:48:17,installed,ncurses-bin,6.4+20240113-1ubuntu2
2025-08-05 16:48:17, installed, ncurses-bin                                  , 6.4+20240113-1ubuntu2
2025-08-05 16:48:17,installed,procps,2:4.0.4-4ubuntu3
2025-08-05 16:48:17, installed, procps                                       , 2:4.0.4-4ubuntu3
2025-08-05 16:48:17,installed,sed,4.9-2build1
2025-08-05 16:48:17, installed, sed                                          , 4.9-2build1
2025-08-05 16:48:17,installed,sensible-utils,0.0.22
2025-08-05 16:48:17, installed, sensible-utils                               , 0.0.22
2025-08-05 16:48:17,installed,sysvinit-utils,3.08-6ubuntu3
2025-08-05 16:48:17, installed, sysvinit-utils                               , 3.08-6ubuntu3
2025-08-05 16:48:17,installed,zlib1g,1:1.3.dfsg-3.1ubuntu2
2025-08-05 16:48:17, installed, zlib1g                                       , 1:1.3.dfsg-3.1ubuntu2
2025-08-05 16:48:18,installed,base-passwd,3.6.3build1
2025-08-05 16:48:18, installed, base-passwd                                  , 3.6.3build1
2025-08-05 16:48:18,installed,bsdutils,1:2.39.3-9ubuntu6
2025-08-05 16:48:18, installed, bsdutils                                     , 1:2.39.3-9ubuntu6
2025-08-05 16:48:18,installed,coreutils,9.4-3ubuntu6
2025-08-05 16:48:18, installed, coreutils                                    , 9.4-3ubuntu6
2025-08-05 16:48:18,installed,dash,0.5.12-6ubuntu5
2025-08-05 16:48:18, installed, dash                                         , 0.5.12-6ubuntu5
2025-08-05 16:48:18,installed,dpkg,1.22.6ubuntu6
2025-08-05 16:48:18, installed, dpkg                                         , 1.22.6ubuntu6
2025-08-05 16:48:18,installed,gzip,1.12-1ubuntu3
2025-08-05 16:48:18, installed, gzip                                         , 1.12-1ubuntu3
2025-08-05 16:48:18,installed,libc-bin,2.39-0ubuntu8
2025-08-05 16:48:18, installed, libc-bin                                     , 2.39-0ubuntu8
2025-08-05 16:48:18,installed,libpam-modules,1.5.3-5ubuntu5
2025-08-05 16:48:18, installed, libpam-modules                               , 1.5.3-5ubuntu5
2025-08-05 16:48:18,installed,libpam-modules-bin,1.5.3-5ubuntu5
2025-08-05 16:48:18, installed, libpam-modules-bin                           , 1.5.3-5ubuntu5
2025-08-05 16:48:18,installed,libpam-runtime,1.5.3-5ubuntu5
2025-08-05 16:48:18, installed, libpam-runtime                               , 1.5.3-5ubuntu5
2025-08-05 16:48:18,installed,libsemanage2,3.5-1build5
2025-08-05 16:48:18, installed, libsemanage2                                 , 3.5-1build5
2025-08-05 16:48:18,installed,login,1:4.13+dfsg1-4ubuntu3
2025-08-05 16:48:18, installed, login                                        , 1:4.13+dfsg1-4ubuntu3
2025-08-05 16:48:18,installed,mount,2.39.3-9ubuntu6
2025-08-05 16:48:18, installed, mount                                        , 2.39.3-9ubuntu6
2025-08-05 16:48:18,installed,passwd,1:4.13+dfsg1-4ubuntu3
2025-08-05 16:48:18, installed, passwd                                       , 1:4.13+dfsg1-4ubuntu3
2025-08-05 16:48:18,installed,perl-base,5.38.2-3.2build2
2025-08-05 16:48:18, installed, perl-base                                    , 5.38.2-3.2build2
2025-08-05 16:48:18,installed,tar,1.35+dfsg-3build1
2025-08-05 16:48:18, installed, tar                                          , 1.35+dfsg-3build1
2025-08-05 16:48:18,installed,util-linux,2.39.3-9ubuntu6
2025-08-05 16:48:18, installed, util-linux                                   , 2.39.3-9ubuntu6
2025-08-05 16:48:19,installed,libapparmor1,4.0.0-beta3-0ubuntu3
2025-08-05 16:48:19, installed, libapparmor1                                 , 4.0.0-beta3-0ubuntu3
2025-08-05 16:48:19,installed,libargon2-1,0~20190702+dfsg-4build1
2025-08-05 16:48:19, installed, libargon2-1                                  , 0~20190702+dfsg-4build1
2025-08-05 16:48:19,installed,libcryptsetup12,2:2.7.0-1ubuntu4
2025-08-05 16:48:19, installed, libcryptsetup12                              , 2:2.7.0-1ubuntu4
2025-08-05 16:48:19,installed,libdevmapper1.02.1,2:1.02.185-3ubuntu3
2025-08-05 16:48:19, installed, libdevmapper1.02.1                           , 2:1.02.185-3ubuntu3
2025-08-05 16:48:19,installed,libfdisk1,2.39.3-9ubuntu6
2025-08-05 16:48:19, installed, libfdisk1                                    , 2.39.3-9ubuntu6
2025-08-05 16:48:19,installed,libjson-c5,0.17-1build1
2025-08-05 16:48:19, installed, libjson-c5                                   , 0.17-1build1
2025-08-05 16:48:19,installed,libkmod2,31+20240202-2ubuntu7
2025-08-05 16:48:19, installed, libkmod2                                     , 31+20240202-2ubuntu7
2025-08-05 16:48:19,installed,libseccomp2,2.5.5-1ubuntu3
2025-08-05 16:48:19, installed, libseccomp2                                  , 2.5.5-1ubuntu3
2025-08-05 16:48:19,installed,libsystemd-shared,255.4-1ubuntu8
2025-08-05 16:48:19, installed, libsystemd-shared                            , 255.4-1ubuntu8
2025-08-05 16:48:19,installed,systemd-dev,255.4-1ubuntu8
2025-08-05 16:48:19, installed, systemd-dev                                  , 255.4-1ubuntu8
2025-08-05 16:48:20,installed,libc-bin,2.39-0ubuntu8
2025-08-05 16:48:20, installed, libc-bin                                     , 2.39-0ubuntu8
2025-08-05 16:48:20,installed,systemd,255.4-1ubuntu8
2025-08-05 16:48:20, installed, systemd                                      , 255.4-1ubuntu8
2025-08-05 16:48:20,installed,systemd-sysv,255.4-1ubuntu8
2025-08-05 16:48:20, installed, systemd-sysv                                 , 255.4-1ubuntu8
2025-08-05 16:48:21,installed,adduser,3.137ubuntu1
2025-08-05 16:48:21, installed, adduser                                      , 3.137ubuntu1
2025-08-05 16:48:21,installed,cron-daemon-common,3.0pl1-184ubuntu2
2025-08-05 16:48:21, installed, cron-daemon-common                           , 3.0pl1-184ubuntu2
2025-08-05 16:48:22,installed,libexpat1,2.6.1-2build1
2025-08-05 16:48:22, installed, libexpat1                                    , 2.6.1-2build1
2025-08-05 16:48:22,installed,libpython3.12-minimal,3.12.3-1
2025-08-05 16:48:22, installed, libpython3.12-minimal                        , 3.12.3-1
2025-08-05 16:48:23,installed,libc-bin,2.39-0ubuntu8
2025-08-05 16:48:23, installed, libc-bin                                     , 2.39-0ubuntu8
2025-08-05 16:48:23,installed,python3.12-minimal,3.12.3-1
2025-08-05 16:48:23, installed, python3.12-minimal                           , 3.12.3-1
2025-08-05 16:48:23,installed,systemd,255.4-1ubuntu8
2025-08-05 16:48:23, installed, systemd                                      , 255.4-1ubuntu8
2025-08-05 16:48:24,installed,python3-minimal,3.12.3-0ubuntu1
2025-08-05 16:48:24, installed, python3-minimal                              , 3.12.3-0ubuntu1
2025-08-05 16:48:30,installed,cron,3.0pl1-184ubuntu2
2025-08-05 16:48:30, installed, cron                                         , 3.0pl1-184ubuntu2
2025-08-05 16:48:30,installed,distro-info-data,0.60
2025-08-05 16:48:30, installed, distro-info-data                             , 0.60
2025-08-05 16:48:30,installed,init,1.66ubuntu1
2025-08-05 16:48:30, installed, init                                         , 1.66ubuntu1
2025-08-05 16:48:30,installed,kmod,31+20240202-2ubuntu7
2025-08-05 16:48:30, installed, kmod                                         , 31+20240202-2ubuntu7
2025-08-05 16:48:30,installed,krb5-locales,1.20.1-6ubuntu2
2025-08-05 16:48:30, installed, krb5-locales                                 , 1.20.1-6ubuntu2
2025-08-05 16:48:30,installed,less,590-2ubuntu2
2025-08-05 16:48:30, installed, less                                         , 590-2ubuntu2
2025-08-05 16:48:30,installed,libassuan0,2.5.6-1build1
2025-08-05 16:48:30, installed, libassuan0                                   , 2.5.6-1build1
2025-08-05 16:48:30,installed,libatm1t64,1:2.5.1-5.1build1
2025-08-05 16:48:30, installed, libatm1t64                                   , 1:2.5.1-5.1build1
2025-08-05 16:48:30,installed,libc-bin,2.39-0ubuntu8
2025-08-05 16:48:30, installed, libc-bin                                     , 2.39-0ubuntu8
2025-08-05 16:48:30,installed,libestr0,0.1.11-1build1
2025-08-05 16:48:30, installed, libestr0                                     , 0.1.11-1build1
2025-08-05 16:48:30,installed,libfastjson4,1.2304.0-1build1
2025-08-05 16:48:30, installed, libfastjson4                                 , 1.2304.0-1build1
2025-08-05 16:48:30,installed,libkeyutils1,1.6.3-3build1
2025-08-05 16:48:30, installed, libkeyutils1                                 , 1.6.3-3build1
2025-08-05 16:48:30,installed,libnpth0t64,1.6-3.1build1
2025-08-05 16:48:30, installed, libnpth0t64                                  , 1.6-3.1build1
2025-08-05 16:48:30,installed,libnss-systemd,255.4-1ubuntu8
2025-08-05 16:48:30, installed, libnss-systemd                               , 255.4-1ubuntu8
2025-08-05 16:48:30,installed,libsqlite3-0,3.45.1-1ubuntu2
2025-08-05 16:48:30, installed, libsqlite3-0                                 , 3.45.1-1ubuntu2
2025-08-05 16:48:30,installed,libtext-charwidth-perl,0.04-11build3
2025-08-05 16:48:30, installed, libtext-charwidth-perl                       , 0.04-11build3
2025-08-05 16:48:30,installed,libtext-iconv-perl,1.7-8build3
2025-08-05 16:48:30, installed, libtext-iconv-perl                           , 1.7-8build3
2025-08-05 16:48:30,installed,libtirpc-common,1.3.4+ds-1.1build1
2025-08-05 16:48:30, installed, libtirpc-common                              , 1.3.4+ds-1.1build1
2025-08-05 16:48:30,installed,libyaml-0-2,0.2.5-1build1
2025-08-05 16:48:30, installed, libyaml-0-2                                  , 0.2.5-1build1
2025-08-05 16:48:30,installed,media-types,10.1.0
2025-08-05 16:48:30, installed, media-types                                  , 10.1.0
2025-08-05 16:48:30,installed,xdg-user-dirs,0.18-1build1
2025-08-05 16:48:30, installed, xdg-user-dirs                                , 0.18-1build1
2025-08-05 16:48:30,installed,xkb-data,2.41-2ubuntu1
2025-08-05 16:48:30, installed, xkb-data                                     , 2.41-2ubuntu1
2025-08-05 16:48:31,installed,dhcpcd-base,1:10.0.6-1ubuntu3
2025-08-05 16:48:31, installed, dhcpcd-base                                  , 1:10.0.6-1ubuntu3
2025-08-05 16:48:31,installed,eject,2.39.3-9ubuntu6
2025-08-05 16:48:31, installed, eject                                        , 2.39.3-9ubuntu6
2025-08-05 16:48:31,installed,libcap2-bin,1:2.66-5ubuntu2
2025-08-05 16:48:31, installed, libcap2-bin                                  , 1:2.66-5ubuntu2
2025-08-05 16:48:31,installed,libdbus-1-3,1.14.10-4ubuntu4
2025-08-05 16:48:31, installed, libdbus-1-3                                  , 1.14.10-4ubuntu4
2025-08-05 16:48:31,installed,libelf1t64,0.190-1.1build4
2025-08-05 16:48:31, installed, libelf1t64                                   , 0.190-1.1build4
2025-08-05 16:48:31,installed,libfribidi0,1.0.13-3build1
2025-08-05 16:48:31, installed, libfribidi0                                  , 1.0.13-3build1
2025-08-05 16:48:31,installed,libglib2.0-data,2.80.0-6ubuntu1
2025-08-05 16:48:31, installed, libglib2.0-data                              , 2.80.0-6ubuntu1
2025-08-05 16:48:31,installed,libk5crypto3,1.20.1-6ubuntu2
2025-08-05 16:48:31, installed, libk5crypto3                                 , 1.20.1-6ubuntu2
2025-08-05 16:48:31,installed,libkrb5support0,1.20.1-6ubuntu2
2025-08-05 16:48:31, installed, libkrb5support0                              , 1.20.1-6ubuntu2
2025-08-05 16:48:31,installed,libmnl0,1.0.5-2build1
2025-08-05 16:48:31, installed, libmnl0                                      , 1.0.5-2build1
2025-08-05 16:48:31,installed,libnettle8t64,3.9.1-2.2build1
2025-08-05 16:48:31, installed, libnettle8t64                                , 3.9.1-2.2build1
2025-08-05 16:48:31,installed,libslang2,2.3.3-3build2
2025-08-05 16:48:31, installed, libslang2                                    , 2.3.3-3build2
2025-08-05 16:48:31,installed,libtext-wrapi18n-perl,0.06-10
2025-08-05 16:48:31, installed, libtext-wrapi18n-perl                        , 0.06-10
2025-08-05 16:48:31,installed,libunistring5,1.1-2build1
2025-08-05 16:48:31, installed, libunistring5                                , 1.1-2build1
2025-08-05 16:48:31,installed,libxtables12,1.8.10-3ubuntu2
2025-08-05 16:48:31, installed, libxtables12                                 , 1.8.10-3ubuntu2
2025-08-05 16:48:31,installed,locales,2.39-0ubuntu8
2025-08-05 16:48:31, installed, locales                                      , 2.39-0ubuntu8
2025-08-05 16:48:31,installed,sudo,1.9.15p5-3ubuntu5
2025-08-05 16:48:31, installed, sudo                                         , 1.9.15p5-3ubuntu5
2025-08-05 16:48:31,installed,systemd-timesyncd,255.4-1ubuntu8
2025-08-05 16:48:31, installed, systemd-timesyncd                            , 255.4-1ubuntu8
2025-08-05 16:48:31,installed,tzdata,2024a-2ubuntu1
2025-08-05 16:48:31, installed, tzdata                                       , 2024a-2ubuntu1
2025-08-05 16:48:31,installed,ubuntu-keyring,2023.11.28.1
2025-08-05 16:48:31, installed, ubuntu-keyring                               , 2023.11.28.1
2025-08-05 16:48:31,installed,ucf,3.0043+nmu1
2025-08-05 16:48:31, installed, ucf                                          , 3.0043+nmu1
2025-08-05 16:48:31,installed,udev,255.4-1ubuntu8
2025-08-05 16:48:31, installed, udev                                         , 255.4-1ubuntu8
2025-08-05 16:48:31,installed,vim-common,2:9.1.0016-1ubuntu7
2025-08-05 16:48:31, installed, vim-common                                   , 2:9.1.0016-1ubuntu7
2025-08-05 16:48:31,installed,xxd,2:9.1.0016-1ubuntu7
2025-08-05 16:48:31, installed, xxd                                          , 2:9.1.0016-1ubuntu7
2025-08-05 16:48:32,installed,dbus-bin,1.14.10-4ubuntu4
2025-08-05 16:48:32, installed, dbus-bin                                     , 1.14.10-4ubuntu4
2025-08-05 16:48:32,installed,dbus-session-bus-common,1.14.10-4ubuntu4
2025-08-05 16:48:32, installed, dbus-session-bus-common                      , 1.14.10-4ubuntu4
2025-08-05 16:48:32,installed,dbus-system-bus-common,1.14.10-4ubuntu4
2025-08-05 16:48:32, installed, dbus-system-bus-common                       , 1.14.10-4ubuntu4
2025-08-05 16:48:32,installed,distro-info,1.7build1
2025-08-05 16:48:32, installed, distro-info                                  , 1.7build1
2025-08-05 16:48:32,installed,dmsetup,2:1.02.185-3ubuntu3
2025-08-05 16:48:32, installed, dmsetup                                      , 2:1.02.185-3ubuntu3
2025-08-05 16:48:32,installed,gpgv,2.4.4-2ubuntu17
2025-08-05 16:48:32, installed, gpgv                                         , 2.4.4-2ubuntu17
2025-08-05 16:48:32,installed,iso-codes,4.16.0-1
2025-08-05 16:48:32, installed, iso-codes                                    , 4.16.0-1
2025-08-05 16:48:32,installed,libbpf1,1:1.3.0-2build2
2025-08-05 16:48:32, installed, libbpf1                                      , 1:1.3.0-2build2
2025-08-05 16:48:32,installed,libbsd0,0.12.1-1build1
2025-08-05 16:48:32, installed, libbsd0                                      , 0.12.1-1build1
2025-08-05 16:48:32,installed,libdb5.3t64,5.3.28+dfsg2-7
2025-08-05 16:48:32, installed, libdb5.3t64                                  , 5.3.28+dfsg2-7
2025-08-05 16:48:32,installed,libffi8,3.4.6-1build1
2025-08-05 16:48:32, installed, libffi8                                      , 3.4.6-1build1
2025-08-05 16:48:32,installed,libhogweed6t64,3.9.1-2.2build1
2025-08-05 16:48:32, installed, libhogweed6t64                               , 3.9.1-2.2build1
2025-08-05 16:48:32,installed,libkrb5-3,1.20.1-6ubuntu2
2025-08-05 16:48:32, installed, libkrb5-3                                    , 1.20.1-6ubuntu2
2025-08-05 16:48:32,installed,liblocale-gettext-perl,1.07-6ubuntu5
2025-08-05 16:48:32, installed, liblocale-gettext-perl                       , 1.07-6ubuntu5
2025-08-05 16:48:32,installed,libnewt0.52,0.52.24-2ubuntu2
2025-08-05 16:48:32, installed, libnewt0.52                                  , 0.52.24-2ubuntu2
2025-08-05 16:48:32,installed,libpam-cap,1:2.66-5ubuntu2
2025-08-05 16:48:32, installed, libpam-cap                                   , 1:2.66-5ubuntu2
2025-08-05 16:48:32,installed,libpopt0,1.19+dfsg-1build1
2025-08-05 16:48:32, installed, libpopt0                                     , 1.19+dfsg-1build1
2025-08-05 16:48:32,installed,libstdc++6,14-20240412-0ubuntu1
2025-08-05 16:48:32, installed, libstdc++6                                   , 14-20240412-0ubuntu1
2025-08-05 16:48:32,installed,libtasn1-6,4.19.0-3build1
2025-08-05 16:48:32, installed, libtasn1-6                                   , 4.19.0-3build1
2025-08-05 16:48:32,installed,libxxhash0,0.8.2-2build1
2025-08-05 16:48:32, installed, libxxhash0                                   , 0.8.2-2build1
2025-08-05 16:48:32,installed,logrotate,3.21.0-2build1
2025-08-05 16:48:32, installed, logrotate                                    , 3.21.0-2build1
2025-08-05 16:48:32,installed,lsb-release,12.0-2
2025-08-05 16:48:32, installed, lsb-release                                  , 12.0-2
2025-08-05 16:48:32,installed,netbase,6.4
2025-08-05 16:48:32, installed, netbase                                      , 6.4
2025-08-05 16:48:32,installed,openssl,3.0.13-0ubuntu3
2025-08-05 16:48:32, installed, openssl                                      , 3.0.13-0ubuntu3
2025-08-05 16:48:32,installed,python-apt-common,2.7.7ubuntu1
2025-08-05 16:48:32, installed, python-apt-common                            , 2.7.7ubuntu1
2025-08-05 16:48:32,installed,readline-common,8.2-4build1
2025-08-05 16:48:32, installed, readline-common                              , 8.2-4build1
2025-08-05 16:48:32,installed,systemd-hwe-hwdb,255.1.3
2025-08-05 16:48:32, installed, systemd-hwe-hwdb                             , 255.1.3
2025-08-05 16:48:33,installed,dbus-daemon,1.14.10-4ubuntu4
2025-08-05 16:48:33, installed, dbus-daemon                                  , 1.14.10-4ubuntu4
2025-08-05 16:48:33,installed,debconf-i18n,1.5.86ubuntu1
2025-08-05 16:48:33, installed, debconf-i18n                                 , 1.5.86ubuntu1
2025-08-05 16:48:33,installed,libidn2-0,2.3.7-2build1
2025-08-05 16:48:33, installed, libidn2-0                                    , 2.3.7-2build1
2025-08-05 16:48:33,installed,netcat-openbsd,1.226-1ubuntu2
2025-08-05 16:48:33, installed, netcat-openbsd                               , 1.226-1ubuntu2
2025-08-05 16:48:33,installed,rsyslog,8.2312.0-3ubuntu9
2025-08-05 16:48:33, installed, rsyslog                                      , 8.2312.0-3ubuntu9
2025-08-05 16:48:33,installed,vim-tiny,2:9.1.0016-1ubuntu7
2025-08-05 16:48:33, installed, vim-tiny                                     , 2:9.1.0016-1ubuntu7
2025-08-05 16:48:34,installed,ca-certificates,20240203
2025-08-05 16:48:34, installed, ca-certificates                              , 20240203
2025-08-05 16:48:34,installed,dbus,1.14.10-4ubuntu4
2025-08-05 16:48:34, installed, dbus                                         , 1.14.10-4ubuntu4
2025-08-05 16:48:34,installed,gir1.2-glib-2.0,2.80.0-6ubuntu1
2025-08-05 16:48:34, installed, gir1.2-glib-2.0                              , 2.80.0-6ubuntu1
2025-08-05 16:48:34,installed,libgirepository-1.0-1,1.80.1-1
2025-08-05 16:48:34, installed, libgirepository-1.0-1                        , 1.80.1-1
2025-08-05 16:48:34,installed,libglib2.0-0t64,2.80.0-6ubuntu1
2025-08-05 16:48:34, installed, libglib2.0-0t64                              , 2.80.0-6ubuntu1
2025-08-05 16:48:34,installed,libgssapi-krb5-2,1.20.1-6ubuntu2
2025-08-05 16:48:34, installed, libgssapi-krb5-2                             , 1.20.1-6ubuntu2
2025-08-05 16:48:34,installed,libicu74,74.2-1ubuntu3
2025-08-05 16:48:34, installed, libicu74                                     , 74.2-1ubuntu3
2025-08-05 16:48:34,installed,libp11-kit0,0.25.3-4ubuntu2
2025-08-05 16:48:34, installed, libp11-kit0                                  , 0.25.3-4ubuntu2
2025-08-05 16:48:34,installed,libpam-systemd,255.4-1ubuntu8
2025-08-05 16:48:34, installed, libpam-systemd                               , 255.4-1ubuntu8
2025-08-05 16:48:34,installed,libreadline8t64,8.2-4build1
2025-08-05 16:48:34, installed, libreadline8t64                              , 8.2-4build1
2025-08-05 16:48:34,installed,whiptail,0.52.24-2ubuntu2
2025-08-05 16:48:34, installed, whiptail                                     , 0.52.24-2ubuntu2
2025-08-05 16:48:35,installed,iputils-ping,3:20240117-1build1
2025-08-05 16:48:35, installed, iputils-ping                                 , 3:20240117-1build1
2025-08-05 16:48:35,installed,keyboard-configuration,1.226ubuntu1
2025-08-05 16:48:35, installed, keyboard-configuration                       , 1.226ubuntu1
2025-08-05 16:48:35,installed,libapt-pkg6.0t64,2.7.14build2
2025-08-05 16:48:35, installed, libapt-pkg6.0t64                             , 2.7.14build2
2025-08-05 16:48:35,installed,libgnutls30t64,3.8.3-1.1ubuntu3
2025-08-05 16:48:35, installed, libgnutls30t64                               , 3.8.3-1.1ubuntu3
2025-08-05 16:48:35,installed,libxml2,2.9.14+dfsg-1.3ubuntu3
2025-08-05 16:48:35, installed, libxml2                                      , 2.9.14+dfsg-1.3ubuntu3
2025-08-05 16:48:35,installed,systemd-resolved,255.4-1ubuntu8
2025-08-05 16:48:35, installed, systemd-resolved                             , 255.4-1ubuntu8
2025-08-05 16:48:36,installed,apt,2.7.14build2
2025-08-05 16:48:36, installed, apt                                          , 2.7.14build2
2025-08-05 16:48:36,installed,apt-utils,2.7.14build2
2025-08-05 16:48:36, installed, apt-utils                                    , 2.7.14build2
2025-08-05 16:48:36,installed,iproute2,6.1.0-1ubuntu6
2025-08-05 16:48:36, installed, iproute2                                     , 6.1.0-1ubuntu6
2025-08-05 16:48:36,installed,libpython3.12-stdlib,3.12.3-1
2025-08-05 16:48:36, installed, libpython3.12-stdlib                         , 3.12.3-1
2025-08-05 16:48:36,installed,libtirpc3t64,1.3.4+ds-1.1build1
2025-08-05 16:48:36, installed, libtirpc3t64                                 , 1.3.4+ds-1.1build1
2025-08-05 16:48:37,installed,dbus-user-session,1.14.10-4ubuntu4
2025-08-05 16:48:37, installed, dbus-user-session                            , 1.14.10-4ubuntu4
2025-08-05 16:48:37,installed,gir1.2-girepository-2.0,1.80.1-1
2025-08-05 16:48:37, installed, gir1.2-girepository-2.0                      , 1.80.1-1
2025-08-05 16:48:37,installed,libnetplan1,1.0-2ubuntu1
2025-08-05 16:48:37, installed, libnetplan1                                  , 1.0-2ubuntu1
2025-08-05 16:48:37,installed,python3.12,3.12.3-1
2025-08-05 16:48:37, installed, python3.12                                   , 3.12.3-1
2025-08-05 16:48:38,installed,libpython3-stdlib,3.12.3-0ubuntu1
2025-08-05 16:48:38, installed, libpython3-stdlib                            , 3.12.3-0ubuntu1
2025-08-05 16:48:38,installed,netplan-generator,1.0-2ubuntu1
2025-08-05 16:48:38, installed, netplan-generator                            , 1.0-2ubuntu1
2025-08-05 16:48:38,installed,python3,3.12.3-0ubuntu1
2025-08-05 16:48:38, installed, python3                                      , 3.12.3-0ubuntu1
2025-08-05 16:48:38,installed,python3-gi,3.48.2-1
2025-08-05 16:48:38, installed, python3-gi                                   , 3.48.2-1
2025-08-05 16:48:38,installed,python3-mdurl,0.1.2-1
2025-08-05 16:48:38, installed, python3-mdurl                                , 0.1.2-1
2025-08-05 16:48:38,installed,python3-typing-extensions,4.10.0-1
2025-08-05 16:48:38, installed, python3-typing-extensions                    , 4.10.0-1
2025-08-05 16:48:38,installed,shared-mime-info,2.4-4
2025-08-05 16:48:38, installed, shared-mime-info                             , 2.4-4
2025-08-05 16:48:39,installed,python3-apt,2.7.7ubuntu1
2025-08-05 16:48:39, installed, python3-apt                                  , 2.7.7ubuntu1
2025-08-05 16:48:39,installed,python3-cffi-backend,1.16.0-2build1
2025-08-05 16:48:39, installed, python3-cffi-backend                         , 1.16.0-2build1
2025-08-05 16:48:39,installed,python3-dbus,1.3.2-5build3
2025-08-05 16:48:39, installed, python3-dbus                                 , 1.3.2-5build3
2025-08-05 16:48:39,installed,python3-markdown-it,3.0.0-2
2025-08-05 16:48:39, installed, python3-markdown-it                          , 3.0.0-2
2025-08-05 16:48:39,installed,python3-netifaces,0.11.0-2build3
2025-08-05 16:48:39, installed, python3-netifaces                            , 0.11.0-2build3
2025-08-05 16:48:39,installed,python3-pkg-resources,68.1.2-2ubuntu1
2025-08-05 16:48:39, installed, python3-pkg-resources                        , 68.1.2-2ubuntu1
2025-08-05 16:48:39,installed,python3-yaml,6.0.1-2build2
2025-08-05 16:48:39, installed, python3-yaml                                 , 6.0.1-2build2
2025-08-05 16:48:40,installed,python3-netplan,1.0-2ubuntu1
2025-08-05 16:48:40, installed, python3-netplan                              , 1.0-2ubuntu1
2025-08-05 16:48:40,installed,python3-pygments,2.17.2+dfsg-1
2025-08-05 16:48:40, installed, python3-pygments                             , 2.17.2+dfsg-1
2025-08-05 16:48:41,installed,kbd,2.6.4-2ubuntu2
2025-08-05 16:48:41, installed, kbd                                          , 2.6.4-2ubuntu2
2025-08-05 16:48:41,installed,netplan.io,1.0-2ubuntu1
2025-08-05 16:48:41, installed, netplan.io                                   , 1.0-2ubuntu1
2025-08-05 16:48:41,installed,networkd-dispatcher,2.2.4-1
2025-08-05 16:48:41, installed, networkd-dispatcher                          , 2.2.4-1
2025-08-05 16:48:41,installed,python3-rich,13.7.1-1
2025-08-05 16:48:41, installed, python3-rich                                 , 13.7.1-1
2025-08-05 16:48:41,installed,ubuntu-pro-client,31.2.3
2025-08-05 16:48:41, installed, ubuntu-pro-client                            , 31.2.3
2025-08-05 16:48:41,installed,ubuntu-pro-client-l10n,31.2.3
2025-08-05 16:48:41, installed, ubuntu-pro-client-l10n                       , 31.2.3
2025-08-05 16:48:42,installed,console-setup,1.226ubuntu1
2025-08-05 16:48:42, installed, console-setup                                , 1.226ubuntu1
2025-08-05 16:48:42,installed,console-setup-linux,1.226ubuntu1
2025-08-05 16:48:42, installed, console-setup-linux                          , 1.226ubuntu1
2025-08-05 16:48:42,installed,libc-bin,2.39-0ubuntu8
2025-08-05 16:48:42, installed, libc-bin                                     , 2.39-0ubuntu8
2025-08-05 16:48:42,installed,ubuntu-minimal,1.539
2025-08-05 16:48:42, installed, ubuntu-minimal                               , 1.539
2025-08-05 16:48:43,installed,ca-certificates,20240203
2025-08-05 16:48:43, installed, ca-certificates                              , 20240203
2025-08-05 16:48:49,installed,bash-completion,1:2.11-8
2025-08-05 16:48:49, installed, bash-completion                              , 1:2.11-8
2025-08-05 16:48:49,installed,bsdextrautils,2.39.3-9ubuntu6
2025-08-05 16:48:49, installed, bsdextrautils                                , 2.39.3-9ubuntu6
2025-08-05 16:48:49,installed,e2fsprogs-l10n,1.47.0-2.4~exp1ubuntu4
2025-08-05 16:48:49, installed, e2fsprogs-l10n                               , 1.47.0-2.4~exp1ubuntu4
2025-08-05 16:48:49,installed,libc-bin,2.39-0ubuntu8
2025-08-05 16:48:49, installed, libc-bin                                     , 2.39-0ubuntu8
2025-08-05 16:48:49,installed,libgpg-error-l10n,1.47-3build2
2025-08-05 16:48:49, installed, libgpg-error-l10n                            , 1.47-3build2
2025-08-05 16:48:49,installed,libgpm2,1.20.7-11
2025-08-05 16:48:49, installed, libgpm2                                      , 1.20.7-11
2025-08-05 16:48:49,installed,psmisc,23.7-1build1
2025-08-05 16:48:49, installed, psmisc                                       , 23.7-1build1
2025-08-05 16:48:49,installed,uuid-runtime,2.39.3-9ubuntu6
2025-08-05 16:48:49, installed, uuid-runtime                                 , 2.39.3-9ubuntu6
2025-08-05 16:49:12,installed,gcc-14-base,14.2.0-4ubuntu2~24.04
2025-08-05 16:49:12, installed, gcc-14-base                                  , 14.2.0-4ubuntu2~24.04
2025-08-05 16:49:12,installed,libgcc-s1,14.2.0-4ubuntu2~24.04
2025-08-05 16:49:12, installed, libgcc-s1                                    , 14.2.0-4ubuntu2~24.04
2025-08-05 16:49:12,installed,libstdc++6,14.2.0-4ubuntu2~24.04
2025-08-05 16:49:12, installed, libstdc++6                                   , 14.2.0-4ubuntu2~24.04
2025-08-05 16:49:13,installed,base-files,13ubuntu10.3
2025-08-05 16:49:13, installed, base-files                                   , 13ubuntu10.3
2025-08-05 16:49:13,installed,bsdutils,1:2.39.3-9ubuntu6.3
2025-08-05 16:49:13, installed, bsdutils                                     , 1:2.39.3-9ubuntu6.3
2025-08-05 16:49:13,installed,libbz2-1.0,1.0.8-5.1build0.1
2025-08-05 16:49:13, installed, libbz2-1.0                                   , 1.0.8-5.1build0.1
2025-08-05 16:49:13,installed,libc6,2.39-0ubuntu8.5
2025-08-05 16:49:13, installed, libc6                                        , 2.39-0ubuntu8.5
2025-08-05 16:49:13,installed,liblz4-1,1.9.4-1build1.1
2025-08-05 16:49:13, installed, liblz4-1                                     , 1.9.4-1build1.1
2025-08-05 16:49:13,installed,liblzma5,5.6.1+really5.4.5-1ubuntu0.2
2025-08-05 16:49:13, installed, liblzma5                                     , 5.6.1+really5.4.5-1ubuntu0.2
2025-08-05 16:49:14,installed,libssl3t64,3.0.13-0ubuntu3.5
2025-08-05 16:49:14, installed, libssl3t64                                   , 3.0.13-0ubuntu3.5
2025-08-05 16:49:15,installed,libaudit1,1:3.1.2-2.1build1.1
2025-08-05 16:49:15, installed, libaudit1                                    , 1:3.1.2-2.1build1.1
2025-08-05 16:49:15,installed,libaudit-common,1:3.1.2-2.1build1.1
2025-08-05 16:49:15, installed, libaudit-common                              , 1:3.1.2-2.1build1.1
2025-08-05 16:49:15,installed,libcap2,1:2.66-5ubuntu2.2
2025-08-05 16:49:15, installed, libcap2                                      , 1:2.66-5ubuntu2.2
2025-08-05 16:49:15,installed,libpam0g,1.5.3-5ubuntu5.4
2025-08-05 16:49:15, installed, libpam0g                                     , 1.5.3-5ubuntu5.4
2025-08-05 16:49:15,installed,libpam-modules,1.5.3-5ubuntu5.4
2025-08-05 16:49:15, installed, libpam-modules                               , 1.5.3-5ubuntu5.4
2025-08-05 16:49:15,installed,libpam-modules-bin,1.5.3-5ubuntu5.4
2025-08-05 16:49:15, installed, libpam-modules-bin                           , 1.5.3-5ubuntu5.4
2025-08-05 16:49:15,installed,libpcre2-8-0,10.42-4ubuntu2.1
2025-08-05 16:49:15, installed, libpcre2-8-0                                 , 10.42-4ubuntu2.1
2025-08-05 16:49:15,installed,libselinux1,3.5-2ubuntu2.1
2025-08-05 16:49:15, installed, libselinux1                                  , 3.5-2ubuntu2.1
2025-08-05 16:49:16,installed,libacl1,2.3.2-1build1.1
2025-08-05 16:49:16, installed, libacl1                                      , 2.3.2-1build1.1
2025-08-05 16:49:16,installed,libblkid1,2.39.3-9ubuntu6.3
2025-08-05 16:49:16, installed, libblkid1                                    , 2.39.3-9ubuntu6.3
2025-08-05 16:49:16,installed,libmount1,2.39.3-9ubuntu6.3
2025-08-05 16:49:16, installed, libmount1                                    , 2.39.3-9ubuntu6.3
2025-08-05 16:49:16,installed,libpam-runtime,1.5.3-5ubuntu5.4
2025-08-05 16:49:16, installed, libpam-runtime                               , 1.5.3-5ubuntu5.4
2025-08-05 16:49:16,installed,libseccomp2,2.5.5-1ubuntu3.1
2025-08-05 16:49:16, installed, libseccomp2                                  , 2.5.5-1ubuntu3.1
2025-08-05 16:49:16,installed,libzstd1,1.5.5+dfsg2-2build1.1
2025-08-05 16:49:16, installed, libzstd1                                     , 1.5.5+dfsg2-2build1.1
2025-08-05 16:49:17,installed,libsystemd0,255.4-1ubuntu8.10
2025-08-05 16:49:17, installed, libsystemd0                                  , 255.4-1ubuntu8.10
2025-08-05 16:49:17,installed,libudev1,255.4-1ubuntu8.10
2025-08-05 16:49:17, installed, libudev1                                     , 255.4-1ubuntu8.10
2025-08-05 16:49:17,installed,libuuid1,2.39.3-9ubuntu6.3
2025-08-05 16:49:17, installed, libuuid1                                     , 2.39.3-9ubuntu6.3
2025-08-05 16:49:17,installed,zlib1g,1:1.3.dfsg-3.1ubuntu2.1
2025-08-05 16:49:17, installed, zlib1g                                       , 1:1.3.dfsg-3.1ubuntu2.1
2025-08-05 16:49:18,installed,dpkg,1.22.6ubuntu6.1
2025-08-05 16:49:18, installed, dpkg                                         , 1.22.6ubuntu6.1
2025-08-05 16:49:18,installed,gzip,1.12-1ubuntu3.1
2025-08-05 16:49:18, installed, gzip                                         , 1.12-1ubuntu3.1
2025-08-05 16:49:18,installed,libapt-pkg6.0t64,2.8.3
2025-08-05 16:49:18, installed, libapt-pkg6.0t64                             , 2.8.3
2025-08-05 16:49:18,installed,login,1:4.13+dfsg1-4ubuntu3.2
2025-08-05 16:49:18, installed, login                                        , 1:4.13+dfsg1-4ubuntu3.2
2025-08-05 16:49:18,installed,perl-base,5.38.2-3.2ubuntu0.2
2025-08-05 16:49:18, installed, perl-base                                    , 5.38.2-3.2ubuntu0.2
2025-08-05 16:49:19,installed,apt,2.8.3
2025-08-05 16:49:19, installed, apt                                          , 2.8.3
2025-08-05 16:49:19,installed,gpgv,2.4.4-2ubuntu17.3
2025-08-05 16:49:19, installed, gpgv                                         , 2.4.4-2ubuntu17.3
2025-08-05 16:49:19,installed,libc-bin,2.39-0ubuntu8.5
2025-08-05 16:49:19, installed, libc-bin                                     , 2.39-0ubuntu8.5
2025-08-05 16:49:19,installed,libgpg-error0,1.47-3build2.1
2025-08-05 16:49:19, installed, libgpg-error0                                , 1.47-3build2.1
2025-08-05 16:49:19,installed,util-linux,2.39.3-9ubuntu6.3
2025-08-05 16:49:19, installed, util-linux                                   , 2.39.3-9ubuntu6.3
2025-08-05 16:49:20,installed,libext2fs2t64,1.47.0-2.4~exp1ubuntu4.1
2025-08-05 16:49:20, installed, libext2fs2t64                                , 1.47.0-2.4~exp1ubuntu4.1
2025-08-05 16:49:20,installed,libgmp10,2:6.3.0+dfsg-2ubuntu6.1
2025-08-05 16:49:20, installed, libgmp10                                     , 2:6.3.0+dfsg-2ubuntu6.1
2025-08-05 16:49:20,installed,libgnutls30t64,3.8.3-1.1ubuntu3.4
2025-08-05 16:49:20, installed, libgnutls30t64                               , 3.8.3-1.1ubuntu3.4
2025-08-05 16:49:20,installed,libhogweed6t64,3.9.1-2.2build1.1
2025-08-05 16:49:20, installed, libhogweed6t64                               , 3.9.1-2.2build1.1
2025-08-05 16:49:20,installed,libidn2-0,2.3.7-2build1.1
2025-08-05 16:49:20, installed, libidn2-0                                    , 2.3.7-2build1.1
2025-08-05 16:49:20,installed,libnettle8t64,3.9.1-2.2build1.1
2025-08-05 16:49:20, installed, libnettle8t64                                , 3.9.1-2.2build1.1
2025-08-05 16:49:20,installed,libp11-kit0,0.25.3-4ubuntu2.1
2025-08-05 16:49:20, installed, libp11-kit0                                  , 0.25.3-4ubuntu2.1
2025-08-05 16:49:20,installed,libtasn1-6,4.19.0-3ubuntu0.24.04.1
2025-08-05 16:49:20, installed, libtasn1-6                                   , 4.19.0-3ubuntu0.24.04.1
2025-08-05 16:49:20,installed,libunistring5,1.1-2build1.1
2025-08-05 16:49:20, installed, libunistring5                                , 1.1-2build1.1
2025-08-05 16:49:21,installed,libsmartcols1,2.39.3-9ubuntu6.3
2025-08-05 16:49:21, installed, libsmartcols1                                , 2.39.3-9ubuntu6.3
2025-08-05 16:49:21,installed,python3-minimal,3.12.3-0ubuntu2
2025-08-05 16:49:21, installed, python3-minimal                              , 3.12.3-0ubuntu2
2025-08-05 16:49:22,installed,libattr1,1:2.5.2-1build1.1
2025-08-05 16:49:22, installed, libattr1                                     , 1:2.5.2-1build1.1
2025-08-05 16:49:22,installed,libmd0,1.1.0-2build1.1
2025-08-05 16:49:22, installed, libmd0                                       , 1.1.0-2build1.1
2025-08-05 16:49:22,installed,passwd,1:4.13+dfsg1-4ubuntu3.2
2025-08-05 16:49:22, installed, passwd                                       , 1:4.13+dfsg1-4ubuntu3.2
2025-08-05 16:49:25,installed,apt-utils,2.8.3
2025-08-05 16:49:25, installed, apt-utils                                    , 2.8.3
2025-08-05 16:49:25,installed,bsdextrautils,2.39.3-9ubuntu6.3
2025-08-05 16:49:25, installed, bsdextrautils                                , 2.39.3-9ubuntu6.3
2025-08-05 16:49:25,installed,distro-info-data,0.60ubuntu0.3
2025-08-05 16:49:25, installed, distro-info-data                             , 0.60ubuntu0.3
2025-08-05 16:49:25,installed,krb5-locales,1.20.1-6ubuntu2.6
2025-08-05 16:49:25, installed, krb5-locales                                 , 1.20.1-6ubuntu2.6
2025-08-05 16:49:25,installed,less,590-2ubuntu2.1
2025-08-05 16:49:25, installed, less                                         , 590-2ubuntu2.1
2025-08-05 16:49:25,installed,libapparmor1,4.0.1really4.0.1-0ubuntu0.24.04.4
2025-08-05 16:49:25, installed, libapparmor1                                 , 4.0.1really4.0.1-0ubuntu0.24.04.4
2025-08-05 16:49:25,installed,libcom-err2,1.47.0-2.4~exp1ubuntu4.1
2025-08-05 16:49:25, installed, libcom-err2                                  , 1.47.0-2.4~exp1ubuntu4.1
2025-08-05 16:49:25,installed,libexpat1,2.6.1-2ubuntu0.3
2025-08-05 16:49:25, installed, libexpat1                                    , 2.6.1-2ubuntu0.3
2025-08-05 16:49:25,installed,libpython3.12-minimal,3.12.3-1ubuntu0.7
2025-08-05 16:49:25, installed, libpython3.12-minimal                        , 3.12.3-1ubuntu0.7
2025-08-05 16:49:25,installed,libsqlite3-0,3.45.1-1ubuntu2.4
2025-08-05 16:49:25, installed, libsqlite3-0                                 , 3.45.1-1ubuntu2.4
2025-08-05 16:49:25,installed,rsyslog,8.2312.0-3ubuntu9.1
2025-08-05 16:49:25, installed, rsyslog                                      , 8.2312.0-3ubuntu9.1
2025-08-05 16:49:25,installed,systemd-dev,255.4-1ubuntu8.10
2025-08-05 16:49:25, installed, systemd-dev                                  , 255.4-1ubuntu8.10
2025-08-05 16:49:25,installed,xkb-data,2.41-2ubuntu1.1
2025-08-05 16:49:25, installed, xkb-data                                     , 2.41-2ubuntu1.1
2025-08-05 16:49:26,installed,dbus-session-bus-common,1.14.10-4ubuntu4.1
2025-08-05 16:49:26, installed, dbus-session-bus-common                      , 1.14.10-4ubuntu4.1
2025-08-05 16:49:26,installed,dhcpcd-base,1:10.0.6-1ubuntu3.1
2025-08-05 16:49:26, installed, dhcpcd-base                                  , 1:10.0.6-1ubuntu3.1
2025-08-05 16:49:26,installed,dmsetup,2:1.02.185-3ubuntu3.2
2025-08-05 16:49:26, installed, dmsetup                                      , 2:1.02.185-3ubuntu3.2
2025-08-05 16:49:26,installed,eject,2.39.3-9ubuntu6.3
2025-08-05 16:49:26, installed, eject                                        , 2.39.3-9ubuntu6.3
2025-08-05 16:49:26,installed,gir1.2-glib-2.0,2.80.0-6ubuntu3.4
2025-08-05 16:49:26, installed, gir1.2-glib-2.0                              , 2.80.0-6ubuntu3.4
2025-08-05 16:49:26,installed,libcap2-bin,1:2.66-5ubuntu2.2
2025-08-05 16:49:26, installed, libcap2-bin                                  , 1:2.66-5ubuntu2.2
2025-08-05 16:49:26,installed,libdbus-1-3,1.14.10-4ubuntu4.1
2025-08-05 16:49:26, installed, libdbus-1-3                                  , 1.14.10-4ubuntu4.1
2025-08-05 16:49:26,installed,libdevmapper1.02.1,2:1.02.185-3ubuntu3.2
2025-08-05 16:49:26, installed, libdevmapper1.02.1                           , 2:1.02.185-3ubuntu3.2
2025-08-05 16:49:26,installed,libelf1t64,0.190-1.1ubuntu0.1
2025-08-05 16:49:26, installed, libelf1t64                                   , 0.190-1.1ubuntu0.1
2025-08-05 16:49:26,installed,libfdisk1,2.39.3-9ubuntu6.3
2025-08-05 16:49:26, installed, libfdisk1                                    , 2.39.3-9ubuntu6.3
2025-08-05 16:49:26,installed,libglib2.0-0t64,2.80.0-6ubuntu3.4
2025-08-05 16:49:26, installed, libglib2.0-0t64                              , 2.80.0-6ubuntu3.4
2025-08-05 16:49:26,installed,libglib2.0-data,2.80.0-6ubuntu3.4
2025-08-05 16:49:26, installed, libglib2.0-data                              , 2.80.0-6ubuntu3.4
2025-08-05 16:49:26,installed,libicu74,74.2-1ubuntu3.1
2025-08-05 16:49:26, installed, libicu74                                     , 74.2-1ubuntu3.1
2025-08-05 16:49:26,installed,libk5crypto3,1.20.1-6ubuntu2.6
2025-08-05 16:49:26, installed, libk5crypto3                                 , 1.20.1-6ubuntu2.6
2025-08-05 16:49:26,installed,libkrb5support0,1.20.1-6ubuntu2.6
2025-08-05 16:49:26, installed, libkrb5support0                              , 1.20.1-6ubuntu2.6
2025-08-05 16:49:26,installed,libproc2-0,2:4.0.4-4ubuntu3.2
2025-08-05 16:49:26, installed, libproc2-0                                   , 2:4.0.4-4ubuntu3.2
2025-08-05 16:49:26,installed,libss2,1.47.0-2.4~exp1ubuntu4.1
2025-08-05 16:49:26, installed, libss2                                       , 1.47.0-2.4~exp1ubuntu4.1
2025-08-05 16:49:26,installed,locales,2.39-0ubuntu8.5
2025-08-05 16:49:26, installed, locales                                      , 2.39-0ubuntu8.5
2025-08-05 16:49:26,installed,logsave,1.47.0-2.4~exp1ubuntu4.1
2025-08-05 16:49:26, installed, logsave                                      , 1.47.0-2.4~exp1ubuntu4.1
2025-08-05 16:49:26,installed,mount,2.39.3-9ubuntu6.3
2025-08-05 16:49:26, installed, mount                                        , 2.39.3-9ubuntu6.3
2025-08-05 16:49:26,installed,python-apt-common,2.7.7ubuntu5
2025-08-05 16:49:26, installed, python-apt-common                            , 2.7.7ubuntu5
2025-08-05 16:49:26,installed,sudo,1.9.15p5-3ubuntu5.24.04.1
2025-08-05 16:49:26, installed, sudo                                         , 1.9.15p5-3ubuntu5.24.04.1
2025-08-05 16:49:26,installed,tzdata,2025b-0ubuntu0.24.04.1
2025-08-05 16:49:26, installed, tzdata                                       , 2025b-0ubuntu0.24.04.1
2025-08-05 16:49:26,installed,uuid-runtime,2.39.3-9ubuntu6.3
2025-08-05 16:49:26, installed, uuid-runtime                                 , 2.39.3-9ubuntu6.3
2025-08-05 16:49:26,installed,vim-common,2:9.1.0016-1ubuntu7.8
2025-08-05 16:49:26, installed, vim-common                                   , 2:9.1.0016-1ubuntu7.8
2025-08-05 16:49:26,installed,xxd,2:9.1.0016-1ubuntu7.8
2025-08-05 16:49:26, installed, xxd                                          , 2:9.1.0016-1ubuntu7.8
2025-08-05 16:49:27,installed,dbus-bin,1.14.10-4ubuntu4.1
2025-08-05 16:49:27, installed, dbus-bin                                     , 1.14.10-4ubuntu4.1
2025-08-05 16:49:27,installed,dbus-system-bus-common,1.14.10-4ubuntu4.1
2025-08-05 16:49:27, installed, dbus-system-bus-common                       , 1.14.10-4ubuntu4.1
2025-08-05 16:49:27,installed,iputils-ping,3:20240117-1ubuntu0.1
2025-08-05 16:49:27, installed, iputils-ping                                 , 3:20240117-1ubuntu0.1
2025-08-05 16:49:27,installed,libbsd0,0.12.1-1build1.1
2025-08-05 16:49:27, installed, libbsd0                                      , 0.12.1-1build1.1
2025-08-05 16:49:27,installed,libcryptsetup12,2:2.7.0-1ubuntu4.2
2025-08-05 16:49:27, installed, libcryptsetup12                              , 2:2.7.0-1ubuntu4.2
2025-08-05 16:49:27,installed,libgpg-error-l10n,1.47-3build2.1
2025-08-05 16:49:27, installed, libgpg-error-l10n                            , 1.47-3build2.1
2025-08-05 16:49:27,installed,libkmod2,31+20240202-2ubuntu7.1
2025-08-05 16:49:27, installed, libkmod2                                     , 31+20240202-2ubuntu7.1
2025-08-05 16:49:27,installed,libkrb5-3,1.20.1-6ubuntu2.6
2025-08-05 16:49:27, installed, libkrb5-3                                    , 1.20.1-6ubuntu2.6
2025-08-05 16:49:27,installed,libpam-cap,1:2.66-5ubuntu2.2
2025-08-05 16:49:27, installed, libpam-cap                                   , 1:2.66-5ubuntu2.2
2025-08-05 16:49:27,installed,libpython3.12-stdlib,3.12.3-1ubuntu0.7
2025-08-05 16:49:27, installed, libpython3.12-stdlib                         , 3.12.3-1ubuntu0.7
2025-08-05 16:49:27,installed,libxml2,2.9.14+dfsg-1.3ubuntu3.3
2025-08-05 16:49:27, installed, libxml2                                      , 2.9.14+dfsg-1.3ubuntu3.3
2025-08-05 16:49:27,installed,openssl,3.0.13-0ubuntu3.5
2025-08-05 16:49:27, installed, openssl                                      , 3.0.13-0ubuntu3.5
2025-08-05 16:49:27,installed,procps,2:4.0.4-4ubuntu3.2
2025-08-05 16:49:27, installed, procps                                       , 2:4.0.4-4ubuntu3.2
2025-08-05 16:49:27,installed,python3.12-minimal,3.12.3-1ubuntu0.7
2025-08-05 16:49:27, installed, python3.12-minimal                           , 3.12.3-1ubuntu0.7
2025-08-05 16:49:28,installed,iproute2,6.1.0-1ubuntu6.2
2025-08-05 16:49:28, installed, iproute2                                     , 6.1.0-1ubuntu6.2
2025-08-05 16:49:28,installed,python3.12,3.12.3-1ubuntu0.7
2025-08-05 16:49:28, installed, python3.12                                   , 3.12.3-1ubuntu0.7
2025-08-05 16:49:29,installed,dbus,1.14.10-4ubuntu4.1
2025-08-05 16:49:29, installed, dbus                                         , 1.14.10-4ubuntu4.1
2025-08-05 16:49:29,installed,dbus-daemon,1.14.10-4ubuntu4.1
2025-08-05 16:49:29, installed, dbus-daemon                                  , 1.14.10-4ubuntu4.1
2025-08-05 16:49:29,installed,e2fsprogs,1.47.0-2.4~exp1ubuntu4.1
2025-08-05 16:49:29, installed, e2fsprogs                                    , 1.47.0-2.4~exp1ubuntu4.1
2025-08-05 16:49:29,installed,e2fsprogs-l10n,1.47.0-2.4~exp1ubuntu4.1
2025-08-05 16:49:29, installed, e2fsprogs-l10n                               , 1.47.0-2.4~exp1ubuntu4.1
2025-08-05 16:49:29,installed,kmod,31+20240202-2ubuntu7.1
2025-08-05 16:49:29, installed, kmod                                         , 31+20240202-2ubuntu7.1
2025-08-05 16:49:29,installed,libgssapi-krb5-2,1.20.1-6ubuntu2.6
2025-08-05 16:49:29, installed, libgssapi-krb5-2                             , 1.20.1-6ubuntu2.6
2025-08-05 16:49:29,installed,libpython3-stdlib,3.12.3-0ubuntu2
2025-08-05 16:49:29, installed, libpython3-stdlib                            , 3.12.3-0ubuntu2
2025-08-05 16:49:29,installed,libsystemd-shared,255.4-1ubuntu8.10
2025-08-05 16:49:29, installed, libsystemd-shared                            , 255.4-1ubuntu8.10
2025-08-05 16:49:29,installed,python3,3.12.3-0ubuntu2
2025-08-05 16:49:29, installed, python3                                      , 3.12.3-0ubuntu2
2025-08-05 16:49:29,installed,systemd,255.4-1ubuntu8.10
2025-08-05 16:49:29, installed, systemd                                      , 255.4-1ubuntu8.10
2025-08-05 16:49:29,installed,systemd-timesyncd,255.4-1ubuntu8.10
2025-08-05 16:49:29, installed, systemd-timesyncd                            , 255.4-1ubuntu8.10
2025-08-05 16:49:29,installed,vim-tiny,2:9.1.0016-1ubuntu7.8
2025-08-05 16:49:29, installed, vim-tiny                                     , 2:9.1.0016-1ubuntu7.8
2025-08-05 16:49:30,installed,libnss-systemd,255.4-1ubuntu8.10
2025-08-05 16:49:30, installed, libnss-systemd                               , 255.4-1ubuntu8.10
2025-08-05 16:49:30,installed,python3-apt,2.7.7ubuntu5
2025-08-05 16:49:30, installed, python3-apt                                  , 2.7.7ubuntu5
2025-08-05 16:49:30,installed,python3-pkg-resources,68.1.2-2ubuntu1.2
2025-08-05 16:49:30, installed, python3-pkg-resources                        , 68.1.2-2ubuntu1.2
2025-08-05 16:49:30,installed,systemd-hwe-hwdb,255.1.4
2025-08-05 16:49:30, installed, systemd-hwe-hwdb                             , 255.1.4
2025-08-05 16:49:30,installed,systemd-resolved,255.4-1ubuntu8.10
2025-08-05 16:49:30, installed, systemd-resolved                             , 255.4-1ubuntu8.10
2025-08-05 16:49:30,installed,systemd-sysv,255.4-1ubuntu8.10
2025-08-05 16:49:30, installed, systemd-sysv                                 , 255.4-1ubuntu8.10
2025-08-05 16:49:30,installed,udev,255.4-1ubuntu8.10
2025-08-05 16:49:30, installed, udev                                         , 255.4-1ubuntu8.10
2025-08-05 16:49:31,installed,dbus-user-session,1.14.10-4ubuntu4.1
2025-08-05 16:49:31, installed, dbus-user-session                            , 1.14.10-4ubuntu4.1
2025-08-05 16:49:31,installed,libc-bin,2.39-0ubuntu8.5
2025-08-05 16:49:31, installed, libc-bin                                     , 2.39-0ubuntu8.5
2025-08-05 16:49:31,installed,libpam-systemd,255.4-1ubuntu8.10
2025-08-05 16:49:31, installed, libpam-systemd                               , 255.4-1ubuntu8.10
2025-08-05 16:49:31,installed,ubuntu-minimal,1.539.2
2025-08-05 16:49:31, installed, ubuntu-minimal                               , 1.539.2
2025-08-05 16:49:31,installed,ubuntu-pro-client,36ubuntu0~24.04
2025-08-05 16:49:31, installed, ubuntu-pro-client                            , 36ubuntu0~24.04
2025-08-05 16:49:31,installed,ubuntu-pro-client-l10n,36ubuntu0~24.04
2025-08-05 16:49:31, installed, ubuntu-pro-client-l10n                       , 36ubuntu0~24.04
2025-08-05 16:49:32,installed,libnetplan1,1.1.2-2~ubuntu24.04.2
2025-08-05 16:49:32, installed, libnetplan1                                  , 1.1.2-2~ubuntu24.04.2
2025-08-05 16:49:33,installed,dbus,1.14.10-4ubuntu4.1
2025-08-05 16:49:33, installed, dbus                                         , 1.14.10-4ubuntu4.1
2025-08-05 16:49:33,installed,ethtool,1:6.7-1build1
2025-08-05 16:49:33, installed, ethtool                                      , 1:6.7-1build1
2025-08-05 16:49:33,installed,libc-bin,2.39-0ubuntu8.5
2025-08-05 16:49:33, installed, libc-bin                                     , 2.39-0ubuntu8.5
2025-08-05 16:49:33,installed,netplan-generator,1.1.2-2~ubuntu24.04.2
2025-08-05 16:49:33, installed, netplan-generator                            , 1.1.2-2~ubuntu24.04.2
2025-08-05 16:49:33,installed,netplan.io,1.1.2-2~ubuntu24.04.2
2025-08-05 16:49:33, installed, netplan.io                                   , 1.1.2-2~ubuntu24.04.2
2025-08-05 16:49:33,installed,python3-netplan,1.1.2-2~ubuntu24.04.2
2025-08-05 16:49:33, installed, python3-netplan                              , 1.1.2-2~ubuntu24.04.2
2025-08-05 16:50:02,installed,fuse3,3.14.0-5build1
2025-08-05 16:50:02, installed, fuse3                                        , 3.14.0-5build1
2025-08-05 16:50:02,installed,libfuse3-3,3.14.0-5build1
2025-08-05 16:50:02, installed, libfuse3-3                                   , 3.14.0-5build1
2025-08-05 16:50:07,installed,apparmor,4.0.1really4.0.1-0ubuntu0.24.04.4
2025-08-05 16:50:07, installed, apparmor                                     , 4.0.1really4.0.1-0ubuntu0.24.04.4
2025-08-05 16:50:07,installed,libcbor0.10,0.10.2-1.2ubuntu2
2025-08-05 16:50:07, installed, libcbor0.10                                  , 0.10.2-1.2ubuntu2
2025-08-05 16:50:07,installed,libedit2,3.1-20230828-1build1
2025-08-05 16:50:07, installed, libedit2                                     , 3.1-20230828-1build1
2025-08-05 16:50:07,installed,libfido2-1,1.14.0-1build3
2025-08-05 16:50:07, installed, libfido2-1                                   , 1.14.0-1build3
2025-08-05 16:50:07,installed,liblzo2-2,2.10-2build4
2025-08-05 16:50:07, installed, liblzo2-2                                    , 2.10-2build4
2025-08-05 16:50:07,installed,openssh-client,1:9.6p1-3ubuntu13.13
2025-08-05 16:50:07, installed, openssh-client                               , 1:9.6p1-3ubuntu13.13
2025-08-05 16:50:07,installed,squashfs-tools,1:4.6.1-1build1
2025-08-05 16:50:07, installed, squashfs-tools                               , 1:4.6.1-1build1
2025-08-05 16:50:08,installed,snapd,2.68.5+ubuntu24.04.1
2025-08-05 16:50:08, installed, snapd                                        , 2.68.5+ubuntu24.04.1
2025-08-05 16:50:21,installed,install-info,7.1-3build2
2025-08-05 16:50:21, installed, install-info                                 , 7.1-3build2
2025-08-05 16:51:20,installed,bubblewrap,0.9.0-1ubuntu0.1
2025-08-05 16:51:20, installed, bubblewrap                                   , 0.9.0-1ubuntu0.1
2025-08-05 16:51:20,installed,cpio,2.15+dfsg-1ubuntu2
2025-08-05 16:51:20, installed, cpio                                         , 2.15+dfsg-1ubuntu2
2025-08-05 16:51:20,installed,libfreeaptx0,0.1.1-2build1
2025-08-05 16:51:20, installed, libfreeaptx0                                 , 0.1.1-2build1
2025-08-05 16:51:20,installed,libgraphite2-3,1.3.14-2build1
2025-08-05 16:51:20, installed, libgraphite2-3                               , 1.3.14-2build1
2025-08-05 16:51:20,installed,libgsf-1-common,1.14.51-2ubuntu0.1
2025-08-05 16:51:20, installed, libgsf-1-common                              , 1.14.51-2ubuntu0.1
2025-08-05 16:51:20,installed,libip4tc2,1.8.10-3ubuntu2
2025-08-05 16:51:20, installed, libip4tc2                                    , 1.8.10-3ubuntu2
2025-08-05 16:51:20,installed,libksba8,1.6.6-1build1
2025-08-05 16:51:20, installed, libksba8                                     , 1.6.6-1build1
2025-08-05 16:51:20,installed,liblcms2-2,2.14-2build1
2025-08-05 16:51:20, installed, liblcms2-2                                   , 2.14-2build1
2025-08-05 16:51:20,installed,liblmdb0,0.9.31-1build1
2025-08-05 16:51:20, installed, liblmdb0                                     , 0.9.31-1build1
2025-08-05 16:51:20,installed,libpipeline1,1.5.7-2
2025-08-05 16:51:20, installed, libpipeline1                                 , 1.5.7-2
2025-08-05 16:51:20,installed,libpipewire-0.3-common,1.0.5-1ubuntu3.1
2025-08-05 16:51:20, installed, libpipewire-0.3-common                       , 1.0.5-1ubuntu3.1
2025-08-05 16:51:20,installed,libpixman-1-0,0.42.2-1build1
2025-08-05 16:51:20, installed, libpixman-1-0                                , 0.42.2-1build1
2025-08-05 16:51:20,installed,libpwquality-common,1.4.5-3build1
2025-08-05 16:51:20, installed, libpwquality-common                          , 1.4.5-3build1
2025-08-05 16:51:20,installed,libwinpr3-3,3.5.1+dfsg1-0ubuntu1.1
2025-08-05 16:51:20, installed, libwinpr3-3                                  , 3.5.1+dfsg1-0ubuntu1.1
2025-08-05 16:51:20,installed,pinentry-curses,1.2.1-3ubuntu5
2025-08-05 16:51:20, installed, pinentry-curses                              , 1.2.1-3ubuntu5
2025-08-05 16:51:20,installed,powermgmt-base,1.37
2025-08-05 16:51:20, installed, powermgmt-base                               , 1.37
2025-08-05 16:51:20,installed,tpm-udev,0.6ubuntu1
2025-08-05 16:51:20, installed, tpm-udev                                     , 0.6ubuntu1
2025-08-05 16:51:21,installed,desktop-file-utils,0.27-2build1
2025-08-05 16:51:21, installed, desktop-file-utils                           , 0.27-2build1
2025-08-05 16:51:21,installed,fonts-noto-mono,20201225-2
2025-08-05 16:51:21, installed, fonts-noto-mono                              , 20201225-2
2025-08-05 16:51:21,installed,geocode-glib-common,3.26.3-6build3
2025-08-05 16:51:21, installed, geocode-glib-common                          , 3.26.3-6build3
2025-08-05 16:51:21,installed,libaom3,3.8.2-2ubuntu0.1
2025-08-05 16:51:21, installed, libaom3                                      , 3.8.2-2ubuntu0.1
2025-08-05 16:51:21,installed,libcaca0,0.99.beta20-4build2
2025-08-05 16:51:21, installed, libcaca0                                     , 0.99.beta20-4build2
2025-08-05 16:51:21,installed,libcdparanoia0,3.10.2+debian-14build3
2025-08-05 16:51:21, installed, libcdparanoia0                               , 3.10.2+debian-14build3
2025-08-05 16:51:21,installed,libcue2,2.2.1-4.1build1
2025-08-05 16:51:21, installed, libcue2                                      , 2.2.1-4.1build1
2025-08-05 16:51:21,installed,libgck-2-2,4.2.0-5
2025-08-05 16:51:21, installed, libgck-2-2                                   , 4.2.0-5
2025-08-05 16:51:21,installed,libgdbm6t64,1.23-5.1build1
2025-08-05 16:51:21, installed, libgdbm6t64                                  , 1.23-5.1build1
2025-08-05 16:51:21,installed,libieee1284-3t64,0.2.11-14.1build1
2025-08-05 16:51:21, installed, libieee1284-3t64                             , 0.2.11-14.1build1
2025-08-05 16:51:21,installed,liblerc4,4.0.0+ds-4ubuntu2
2025-08-05 16:51:21, installed, liblerc4                                     , 4.0.0+ds-4ubuntu2
2025-08-05 16:51:21,installed,libllvm19,1:19.1.1-1ubuntu1~24.04.2
2025-08-05 16:51:21, installed, libllvm19                                    , 1:19.1.1-1ubuntu1~24.04.2
2025-08-05 16:51:21,installed,liblouisutdml-data,2.12.0-3.1build1
2025-08-05 16:51:21, installed, liblouisutdml-data                           , 2.12.0-3.1build1
2025-08-05 16:51:21,installed,libogg0,1.3.5-3build1
2025-08-05 16:51:21, installed, libogg0                                      , 1.3.5-3build1
2025-08-05 16:51:21,installed,libpaper1,1.1.29build1
2025-08-05 16:51:21, installed, libpaper1                                    , 1.1.29build1
2025-08-05 16:51:21,installed,libpciaccess0,0.17-3ubuntu0.24.04.2
2025-08-05 16:51:21, installed, libpciaccess0                                , 0.17-3ubuntu0.24.04.2
2025-08-05 16:51:21,installed,libportal1,0.7.1-5build5
2025-08-05 16:51:21, installed, libportal1                                   , 0.7.1-5build5
2025-08-05 16:51:21,installed,libprotobuf32t64,3.21.12-8.2ubuntu0.2
2025-08-05 16:51:21, installed, libprotobuf32t64                             , 3.21.12-8.2ubuntu0.2
2025-08-05 16:51:21,installed,libraw1394-11,2.1.2-2build3
2025-08-05 16:51:21, installed, libraw1394-11                                , 2.1.2-2build3
2025-08-05 16:51:21,installed,libsbc1,2.0-1build1
2025-08-05 16:51:21, installed, libsbc1                                      , 2.0-1build1
2025-08-05 16:51:21,installed,libsharpyuv0,1.3.2-0.4build3
2025-08-05 16:51:21, installed, libsharpyuv0                                 , 1.3.2-0.4build3
2025-08-05 16:51:21,installed,libspeex1,1.2.1-2ubuntu2.24.04.1
2025-08-05 16:51:21, installed, libspeex1                                    , 1.2.1-2ubuntu2.24.04.1
2025-08-05 16:51:21,installed,libsss-idmap0,2.9.4-1.1ubuntu6.2
2025-08-05 16:51:21, installed, libsss-idmap0                                , 2.9.4-1.1ubuntu6.2
2025-08-05 16:51:21,installed,libtag1v5-vanilla,1.13.1-1build1
2025-08-05 16:51:21, installed, libtag1v5-vanilla                            , 1.13.1-1build1
2025-08-05 16:51:21,installed,libwayland-server0,1.22.0-2.1build1
2025-08-05 16:51:21, installed, libwayland-server0                           , 1.22.0-2.1build1
2025-08-05 16:51:21,installed,libwhoopsie-preferences0,23build3
2025-08-05 16:51:21, installed, libwhoopsie-preferences0                     , 23build3
2025-08-05 16:51:21,installed,libxau6,1:1.0.9-1build6
2025-08-05 16:51:21, installed, libxau6                                      , 1:1.0.9-1build6
2025-08-05 16:51:21,installed,libxcb1,1.15-1ubuntu2
2025-08-05 16:51:21, installed, libxcb1                                      , 1.15-1ubuntu2
2025-08-05 16:51:21,installed,libxcb-xfixes0,1.15-1ubuntu2
2025-08-05 16:51:21, installed, libxcb-xfixes0                               , 1.15-1ubuntu2
2025-08-05 16:51:21,installed,libxdmcp6,1:1.1.3-0ubuntu6
2025-08-05 16:51:21, installed, libxdmcp6                                    , 1:1.1.3-0ubuntu6
2025-08-05 16:51:21,installed,linux-base,4.5ubuntu9+24.04.1
2025-08-05 16:51:21, installed, linux-base                                   , 4.5ubuntu9+24.04.1
2025-08-05 16:51:21,installed,nautilus-sendto,3.8.6-7build2
2025-08-05 16:51:21, installed, nautilus-sendto                              , 3.8.6-7build2
2025-08-05 16:51:21,installed,pci.ids,0.0~2024.03.31-1ubuntu0.1
2025-08-05 16:51:21, installed, pci.ids                                      , 0.0~2024.03.31-1ubuntu0.1
2025-08-05 16:51:21,installed,python3-attr,23.2.0-2
2025-08-05 16:51:21, installed, python3-attr                                 , 23.2.0-2
2025-08-05 16:51:21,installed,session-migration,0.3.9build1
2025-08-05 16:51:21, installed, session-migration                            , 0.3.9build1
2025-08-05 16:51:21,installed,sound-icons,0.1-8
2025-08-05 16:51:21, installed, sound-icons                                  , 0.1-8
2025-08-05 16:51:21,installed,time,1.9-0.2build1
2025-08-05 16:51:21, installed, time                                         , 1.9-0.2build1
2025-08-05 16:51:22,installed,anacron,2.3-39ubuntu2
2025-08-05 16:51:22, installed, anacron                                      , 2.3-39ubuntu2
2025-08-05 16:51:22,installed,cups-server-common,2.4.7-1.2ubuntu7.3
2025-08-05 16:51:22, installed, cups-server-common                           , 2.4.7-1.2ubuntu7.3
2025-08-05 16:51:22,installed,evince-common,46.3.1-0ubuntu1
2025-08-05 16:51:22, installed, evince-common                                , 46.3.1-0ubuntu1
2025-08-05 16:51:22,installed,firefox,1:1snap1-0ubuntu5
2025-08-05 16:51:22, installed, firefox                                      , 1:1snap1-0ubuntu5
2025-08-05 16:51:22,installed,fonts-noto-color-emoji,2.047-0ubuntu0.24.04.1
2025-08-05 16:51:22, installed, fonts-noto-color-emoji                       , 2.047-0ubuntu0.24.04.1
2025-08-05 16:51:22,installed,hicolor-icon-theme,0.17-2
2025-08-05 16:51:22, installed, hicolor-icon-theme                           , 0.17-2
2025-08-05 16:51:22,installed,libbasicobjects0t64,0.6.2-2.1build1
2025-08-05 16:51:22, installed, libbasicobjects0t64                          , 0.6.2-2.1build1
2025-08-05 16:51:22,installed,libdatrie1,0.2.13-3build1
2025-08-05 16:51:22, installed, libdatrie1                                   , 0.2.13-3build1
2025-08-05 16:51:22,installed,libdebuginfod-common,0.190-1.1ubuntu0.1
2025-08-05 16:51:22, installed, libdebuginfod-common                         , 0.190-1.1ubuntu0.1
2025-08-05 16:51:22,installed,libdee-1.0-4,1.2.7+17.10.20170616-7build5
2025-08-05 16:51:22, installed, libdee-1.0-4                                 , 1.2.7+17.10.20170616-7build5
2025-08-05 16:51:22,installed,libeditorconfig0,0.12.7-0.1
2025-08-05 16:51:22, installed, libeditorconfig0                             , 0.12.7-0.1
2025-08-05 16:51:22,installed,libgcr-4-4,4.2.0-5
2025-08-05 16:51:22, installed, libgcr-4-4                                   , 4.2.0-5
2025-08-05 16:51:22,installed,libgdbm-compat4t64,1.23-5.1build1
2025-08-05 16:51:22, installed, libgdbm-compat4t64                           , 1.23-5.1build1
2025-08-05 16:51:22,installed,libgspell-1-common,1.12.2-1build4
2025-08-05 16:51:22, installed, libgspell-1-common                           , 1.12.2-1build4
2025-08-05 16:51:22,installed,libgtksourceview-5-common,5.12.0-1build1
2025-08-05 16:51:22, installed, libgtksourceview-5-common                    , 5.12.0-1build1
2025-08-05 16:51:22,installed,libhyphen0,2.8.8-7build3
2025-08-05 16:51:22, installed, libhyphen0                                   , 2.8.8-7build3
2025-08-05 16:51:22,installed,libipa-hbac0t64,2.9.4-1.1ubuntu6.2
2025-08-05 16:51:22, installed, libipa-hbac0t64                              , 2.9.4-1.1ubuntu6.2
2025-08-05 16:51:22,installed,liblc3-1,1.0.4-3build1
2025-08-05 16:51:22, installed, liblc3-1                                     , 1.0.4-3build1
2025-08-05 16:51:22,installed,libmagic-mgc,1:5.45-3build1
2025-08-05 16:51:22, installed, libmagic-mgc                                 , 1:5.45-3build1
2025-08-05 16:51:22,installed,libntfs-3g89t64,1:2022.10.3-1.2ubuntu3
2025-08-05 16:51:22, installed, libntfs-3g89t64                              , 1:2022.10.3-1.2ubuntu3
2025-08-05 16:51:22,installed,libref-array1t64,0.6.2-2.1build1
2025-08-05 16:51:22, installed, libref-array1t64                             , 0.6.2-2.1build1
2025-08-05 16:51:22,installed,libtwolame0,0.4.0-2build3
2025-08-05 16:51:22, installed, libtwolame0                                  , 0.4.0-2build3
2025-08-05 16:51:22,installed,libvisual-0.4-0,0.4.2-2build1
2025-08-05 16:51:22, installed, libvisual-0.4-0                              , 0.4.2-2build1
2025-08-05 16:51:22,installed,libvte-2.91-common,0.76.0-1ubuntu0.1
2025-08-05 16:51:22, installed, libvte-2.91-common                           , 0.76.0-1ubuntu0.1
2025-08-05 16:51:22,installed,libwmflite-0.2-7,0.2.13-1.1build3
2025-08-05 16:51:22, installed, libwmflite-0.2-7                             , 0.2.13-1.1build3
2025-08-05 16:51:22,installed,mobile-broadband-provider-info,20230416-1
2025-08-05 16:51:22, installed, mobile-broadband-provider-info               , 20230416-1
2025-08-05 16:51:22,installed,python3-colorama,0.4.6-4
2025-08-05 16:51:22, installed, python3-colorama                             , 0.4.6-4
2025-08-05 16:51:22,installed,python3-distro,1.9.0-1
2025-08-05 16:51:22, installed, python3-distro                               , 1.9.0-1
2025-08-05 16:51:22,installed,python3-gdbm,3.12.3-0ubuntu1
2025-08-05 16:51:22, installed, python3-gdbm                                 , 3.12.3-0ubuntu1
2025-08-05 16:51:22,installed,python3-jwt,2.7.0-1
2025-08-05 16:51:22, installed, python3-jwt                                  , 2.7.0-1
2025-08-05 16:51:22,installed,yaru-theme-gnome-shell,24.04.2-0ubuntu1
2025-08-05 16:51:22, installed, yaru-theme-gnome-shell                       , 24.04.2-0ubuntu1
2025-08-05 16:51:23,installed,apg,2.2.3.dfsg.1-5build3
2025-08-05 16:51:23, installed, apg                                          , 2.2.3.dfsg.1-5build3
2025-08-05 16:51:23,installed,bc,1.07.1-3ubuntu4
2025-08-05 16:51:23, installed, bc                                           , 1.07.1-3ubuntu4
2025-08-05 16:51:23,installed,cups-common,2.4.7-1.2ubuntu7.3
2025-08-05 16:51:23, installed, cups-common                                  , 2.4.7-1.2ubuntu7.3
2025-08-05 16:51:23,installed,dosfstools,4.2-1.1build1
2025-08-05 16:51:23, installed, dosfstools                                   , 4.2-1.1build1
2025-08-05 16:51:23,installed,fonts-noto-cjk,1:20230817+repack1-3
2025-08-05 16:51:23, installed, fonts-noto-cjk                               , 1:20230817+repack1-3
2025-08-05 16:51:23,installed,fonts-ubuntu,0.869+git20240321-0ubuntu1
2025-08-05 16:51:23, installed, fonts-ubuntu                                 , 0.869+git20240321-0ubuntu1
2025-08-05 16:51:23,installed,fwupd-signed,1.52+1.4-1
2025-08-05 16:51:23, installed, fwupd-signed                                 , 1.52+1.4-1
2025-08-05 16:51:23,installed,gettext-base,0.21-14ubuntu2
2025-08-05 16:51:23, installed, gettext-base                                 , 0.21-14ubuntu2
2025-08-05 16:51:23,installed,gnome-menus,3.36.0-1.1ubuntu3
2025-08-05 16:51:23, installed, gnome-menus                                  , 3.36.0-1.1ubuntu3
2025-08-05 16:51:23,installed,gnome-themes-extra-data,3.28-2ubuntu5
2025-08-05 16:51:23, installed, gnome-themes-extra-data                      , 3.28-2ubuntu5
2025-08-05 16:51:23,installed,hdparm,9.65+ds-1build1
2025-08-05 16:51:23, installed, hdparm                                       , 9.65+ds-1build1
2025-08-05 16:51:23,installed,inetutils-telnet,2:2.5-3ubuntu4
2025-08-05 16:51:23, installed, inetutils-telnet                             , 2:2.5-3ubuntu4
2025-08-05 16:51:23,installed,libaspell15,0.60.8.1-1build1
2025-08-05 16:51:23, installed, libaspell15                                  , 0.60.8.1-1build1
2025-08-05 16:51:23,installed,libbrotli1,1.1.0-2build2
2025-08-05 16:51:23, installed, libbrotli1                                   , 1.1.0-2build2
2025-08-05 16:51:23,installed,libcdio19t64,2.1.0-4.1ubuntu1.2
2025-08-05 16:51:23, installed, libcdio19t64                                 , 2.1.0-4.1ubuntu1.2
2025-08-05 16:51:23,installed,libcollection4t64,0.6.2-2.1build1
2025-08-05 16:51:23, installed, libcollection4t64                            , 0.6.2-2.1build1
2025-08-05 16:51:23,installed,libdbusmenu-glib4,18.10.20180917~bzr492+repack1-3.1ubuntu5
2025-08-05 16:51:23, installed, libdbusmenu-glib4                            , 18.10.20180917~bzr492+repack1-3.1ubuntu5
2025-08-05 16:51:23,installed,libdeflate0,1.19-1build1.1
2025-08-05 16:51:23, installed, libdeflate0                                  , 1.19-1build1.1
2025-08-05 16:51:23,installed,libefivar1t64,38-3.1build1
2025-08-05 16:51:23, installed, libefivar1t64                                , 38-3.1build1
2025-08-05 16:51:23,installed,libexempi8,2.6.5-1build1
2025-08-05 16:51:23, installed, libexempi8                                   , 2.6.5-1build1
2025-08-05 16:51:23,installed,libgdata-common,0.18.1-6build2
2025-08-05 16:51:23, installed, libgdata-common                              , 0.18.1-6build2
2025-08-05 16:51:23,installed,libgdk-pixbuf2.0-common,2.42.10+dfsg-3ubuntu3.2
2025-08-05 16:51:23, installed, libgdk-pixbuf2.0-common                      , 2.42.10+dfsg-3ubuntu3.2
2025-08-05 16:51:23,installed,libglib2.0-bin,2.80.0-6ubuntu3.4
2025-08-05 16:51:23, installed, libglib2.0-bin                               , 2.80.0-6ubuntu3.4
2025-08-05 16:51:23,installed,libglvnd0,1.7.0-1build1
2025-08-05 16:51:23, installed, libglvnd0                                    , 1.7.0-1build1
2025-08-05 16:51:23,installed,libgs-common,10.02.1~dfsg1-0ubuntu7.7
2025-08-05 16:51:23, installed, libgs-common                                 , 10.02.1~dfsg1-0ubuntu7.7
2025-08-05 16:51:23,installed,libibus-1.0-5,1.5.29-2
2025-08-05 16:51:23, installed, libibus-1.0-5                                , 1.5.29-2
2025-08-05 16:51:23,installed,libijs-0.35,0.35-15.1build1
2025-08-05 16:51:23, installed, libijs-0.35                                  , 0.35-15.1build1
2025-08-05 16:51:23,installed,libinih1,55-1ubuntu2
2025-08-05 16:51:23, installed, libinih1                                     , 55-1ubuntu2
2025-08-05 16:51:23,installed,libip6tc2,1.8.10-3ubuntu2
2025-08-05 16:51:23, installed, libip6tc2                                    , 1.8.10-3ubuntu2
2025-08-05 16:51:23,installed,libldacbt-enc2,2.0.2.3+git20200429+ed310a0-4ubuntu2
2025-08-05 16:51:23, installed, libldacbt-enc2                               , 2.0.2.3+git20200429+ed310a0-4ubuntu2
2025-08-05 16:51:23,installed,libmagic1t64,1:5.45-3build1
2025-08-05 16:51:23, installed, libmagic1t64                                 , 1:5.45-3build1
2025-08-05 16:51:23,installed,libmaxminddb0,1.9.1-1build1
2025-08-05 16:51:23, installed, libmaxminddb0                                , 1.9.1-1build1
2025-08-05 16:51:23,installed,libnftnl11,1.2.6-2build1
2025-08-05 16:51:23, installed, libnftnl11                                   , 1.2.6-2build1
2025-08-05 16:51:23,installed,libnghttp2-14,1.59.0-1ubuntu0.2
2025-08-05 16:51:23, installed, libnghttp2-14                                , 1.59.0-1ubuntu0.2
2025-08-05 16:51:23,installed,libpackagekit-glib2-18,1.2.8-2ubuntu1.2
2025-08-05 16:51:23, installed, libpackagekit-glib2-18                       , 1.2.8-2ubuntu1.2
2025-08-05 16:51:23,installed,libpsl5t64,0.21.2-1.1build1
2025-08-05 16:51:23, installed, libpsl5t64                                   , 0.21.2-1.1build1
2025-08-05 16:51:23,installed,libsasl2-modules,2.1.28+dfsg1-5ubuntu3.1
2025-08-05 16:51:23, installed, libsasl2-modules                             , 2.1.28+dfsg1-5ubuntu3.1
2025-08-05 16:51:23,installed,libsensors-config,1:3.6.0-9build1
2025-08-05 16:51:23, installed, libsensors-config                            , 1:3.6.0-9build1
2025-08-05 16:51:23,installed,libsnmp-base,5.9.4+dfsg-1.1ubuntu3.1
2025-08-05 16:51:23, installed, libsnmp-base                                 , 5.9.4+dfsg-1.1ubuntu3.1
2025-08-05 16:51:23,installed,libsysmetrics1,1.7.3ubuntu0.24.04.3
2025-08-05 16:51:23, installed, libsysmetrics1                               , 1.7.3ubuntu0.24.04.3
2025-08-05 16:51:23,installed,libtdb1,1.4.10-1build1
2025-08-05 16:51:23, installed, libtdb1                                      , 1.4.10-1build1
2025-08-05 16:51:23,installed,libtotem-plparser-common,3.26.6-1build5
2025-08-05 16:51:23, installed, libtotem-plparser-common                     , 3.26.6-1build5
2025-08-05 16:51:23,installed,libtss2-mu-4.0.1-0t64,4.0.1-7.1ubuntu5.1
2025-08-05 16:51:23, installed, libtss2-mu-4.0.1-0t64                        , 4.0.1-7.1ubuntu5.1
2025-08-05 16:51:23,installed,libtss2-rc0t64,4.0.1-7.1ubuntu5.1
2025-08-05 16:51:23, installed, libtss2-rc0t64                               , 4.0.1-7.1ubuntu5.1
2025-08-05 16:51:23,installed,libu2f-udev,1.1.10-3build3
2025-08-05 16:51:23, installed, libu2f-udev                                  , 1.1.10-3build3
2025-08-05 16:51:23,installed,libunity-scopes-json-def-desktop,7.1.4+19.04.20190319-6build4
2025-08-05 16:51:23, installed, libunity-scopes-json-def-desktop             , 7.1.4+19.04.20190319-6build4
2025-08-05 16:51:23,installed,libuv1t64,1.48.0-1.1build1
2025-08-05 16:51:23, installed, libuv1t64                                    , 1.48.0-1.1build1
2025-08-05 16:51:23,installed,libwebrtc-audio-processing1,0.3.1-0ubuntu6
2025-08-05 16:51:23, installed, libwebrtc-audio-processing1                  , 0.3.1-0ubuntu6
2025-08-05 16:51:23,installed,libwnck-3-common,43.0-3build4
2025-08-05 16:51:23, installed, libwnck-3-common                             , 43.0-3build4
2025-08-05 16:51:23,installed,libxcb-glx0,1.15-1ubuntu2
2025-08-05 16:51:23, installed, libxcb-glx0                                  , 1.15-1ubuntu2
2025-08-05 16:51:23,installed,libxcb-keysyms1,0.4.0-1build4
2025-08-05 16:51:23, installed, libxcb-keysyms1                              , 0.4.0-1build4
2025-08-05 16:51:23,installed,libxcb-render0,1.15-1ubuntu2
2025-08-05 16:51:23, installed, libxcb-render0                               , 1.15-1ubuntu2
2025-08-05 16:51:23,installed,libxcb-render-util0,0.3.9-1build4
2025-08-05 16:51:23, installed, libxcb-render-util0                          , 0.3.9-1build4
2025-08-05 16:51:23,installed,libxcb-shape0,1.15-1ubuntu2
2025-08-05 16:51:23, installed, libxcb-shape0                                , 1.15-1ubuntu2
2025-08-05 16:51:23,installed,libxmlb2,0.3.18-1
2025-08-05 16:51:23, installed, libxmlb2                                     , 0.3.18-1
2025-08-05 16:51:23,installed,linux-sound-base,1.0.25+dfsg-0ubuntu7
2025-08-05 16:51:23, installed, linux-sound-base                             , 1.0.25+dfsg-0ubuntu7
2025-08-05 16:51:23,installed,m17n-db,1.8.5-1
2025-08-05 16:51:23, installed, m17n-db                                      , 1.8.5-1
2025-08-05 16:51:23,installed,manpages,6.7-2
2025-08-05 16:51:23, installed, manpages                                     , 6.7-2
2025-08-05 16:51:23,installed,perl-openssl-defaults,7build3
2025-08-05 16:51:23, installed, perl-openssl-defaults                        , 7build3
2025-08-05 16:51:23,installed,python3-debconf,1.5.86ubuntu1
2025-08-05 16:51:23, installed, python3-debconf                              , 1.5.86ubuntu1
2025-08-05 16:51:23,installed,python3-olefile,0.46-3
2025-08-05 16:51:23, installed, python3-olefile                              , 0.46-3
2025-08-05 16:51:23,installed,python3-problem-report,2.28.1-0ubuntu3.8
2025-08-05 16:51:23, installed, python3-problem-report                       , 2.28.1-0ubuntu3.8
2025-08-05 16:51:23,installed,unzip,6.0-28ubuntu4.1
2025-08-05 16:51:23, installed, unzip                                        , 6.0-28ubuntu4.1
2025-08-05 16:51:23,installed,wireless-regdb,2024.10.07-0ubuntu2~24.04.1
2025-08-05 16:51:23, installed, wireless-regdb                               , 2024.10.07-0ubuntu2~24.04.1
2025-08-05 16:51:23,installed,x11-common,1:7.7+23ubuntu3
2025-08-05 16:51:23, installed, x11-common                                   , 1:7.7+23ubuntu3
2025-08-05 16:51:24,installed,apport-symptoms,0.25
2025-08-05 16:51:24, installed, apport-symptoms                              , 0.25
2025-08-05 16:51:24,installed,colord-data,1.4.7-1build2
2025-08-05 16:51:24, installed, colord-data                                  , 1.4.7-1build2
2025-08-05 16:51:24,installed,fdisk,2.39.3-9ubuntu6.3
2025-08-05 16:51:24, installed, fdisk                                        , 2.39.3-9ubuntu6.3
2025-08-05 16:51:24,installed,file,1:5.45-3build1
2025-08-05 16:51:24, installed, file                                         , 1:5.45-3build1
2025-08-05 16:51:24,installed,fonts-arphic-uming,0.2.20080216.2-10ubuntu2
2025-08-05 16:51:24, installed, fonts-arphic-uming                           , 0.2.20080216.2-10ubuntu2
2025-08-05 16:51:24,installed,gir1.2-gdesktopenums-3.0,46.1-0ubuntu1
2025-08-05 16:51:24, installed, gir1.2-gdesktopenums-3.0                     , 46.1-0ubuntu1
2025-08-05 16:51:24,installed,gnome-terminal-data,3.52.0-1ubuntu2
2025-08-05 16:51:24, installed, gnome-terminal-data                          , 3.52.0-1ubuntu2
2025-08-05 16:51:24,installed,libcolord2,1.4.7-1build2
2025-08-05 16:51:24, installed, libcolord2                                   , 1.4.7-1build2
2025-08-05 16:51:24,installed,libgomp1,14.2.0-4ubuntu2~24.04
2025-08-05 16:51:24, installed, libgomp1                                     , 14.2.0-4ubuntu2~24.04
2025-08-05 16:51:24,installed,libgphoto2-l10n,2.5.31-2.1build2
2025-08-05 16:51:24, installed, libgphoto2-l10n                              , 2.5.31-2.1build2
2025-08-05 16:51:24,installed,libiw30t64,30~pre9-16.1ubuntu2
2025-08-05 16:51:24, installed, libiw30t64                                   , 30~pre9-16.1ubuntu2
2025-08-05 16:51:24,installed,libjbig0,2.1-6.1ubuntu2
2025-08-05 16:51:24, installed, libjbig0                                     , 2.1-6.1ubuntu2
2025-08-05 16:51:24,installed,libldap-common,2.6.7+dfsg-1~exp1ubuntu8.2
2025-08-05 16:51:24, installed, libldap-common                               , 2.6.7+dfsg-1~exp1ubuntu8.2
2025-08-05 16:51:24,installed,libmpg123-0t64,1.32.5-1ubuntu1.1
2025-08-05 16:51:24, installed, libmpg123-0t64                               , 1.32.5-1ubuntu1.1
2025-08-05 16:51:24,installed,libopengl0,1.7.0-1build1
2025-08-05 16:51:24, installed, libopengl0                                   , 1.7.0-1build1
2025-08-05 16:51:24,installed,libpaper-utils,1.1.29build1
2025-08-05 16:51:24, installed, libpaper-utils                               , 1.1.29build1
2025-08-05 16:51:24,installed,libpeas-common,1.36.0-3build4
2025-08-05 16:51:24, installed, libpeas-common                               , 1.36.0-3build4
2025-08-05 16:51:24,installed,libprotobuf-c1,1.4.1-1ubuntu4
2025-08-05 16:51:24, installed, libprotobuf-c1                               , 1.4.1-1ubuntu4
2025-08-05 16:51:24,installed,libsoup-3.0-common,3.4.4-5ubuntu0.5
2025-08-05 16:51:24, installed, libsoup-3.0-common                           , 3.4.4-5ubuntu0.5
2025-08-05 16:51:24,installed,libsource-highlight-common,3.1.9-4.3build1
2025-08-05 16:51:24, installed, libsource-highlight-common                   , 3.1.9-4.3build1
2025-08-05 16:51:24,installed,libtss2-tcti-libtpms0t64,4.0.1-7.1ubuntu5.1
2025-08-05 16:51:24, installed, libtss2-tcti-libtpms0t64                     , 4.0.1-7.1ubuntu5.1
2025-08-05 16:51:24,installed,libunwind8,1.6.2-3build1.1
2025-08-05 16:51:24, installed, libunwind8                                   , 1.6.2-3build1.1
2025-08-05 16:51:24,installed,libwbclient0,2:4.19.5+dfsg-4ubuntu9.2
2025-08-05 16:51:24, installed, libwbclient0                                 , 2:4.19.5+dfsg-4ubuntu9.2
2025-08-05 16:51:24,installed,libwhoopsie0,0.2.77build3
2025-08-05 16:51:24, installed, libwhoopsie0                                 , 0.2.77build3
2025-08-05 16:51:24,installed,libxcb-icccm4,0.4.1-1.1build3
2025-08-05 16:51:24, installed, libxcb-icccm4                                , 0.4.1-1.1build3
2025-08-05 16:51:24,installed,libxcb-shm0,1.15-1ubuntu2
2025-08-05 16:51:24, installed, libxcb-shm0                                  , 1.15-1ubuntu2
2025-08-05 16:51:24,installed,lshw,02.19.git.2021.06.19.996aaad9c7-2build3
2025-08-05 16:51:24, installed, lshw                                         , 02.19.git.2021.06.19.996aaad9c7-2build3
2025-08-05 16:51:24,installed,ntfs-3g,1:2022.10.3-1.2ubuntu3
2025-08-05 16:51:24, installed, ntfs-3g                                      , 1:2022.10.3-1.2ubuntu3
2025-08-05 16:51:24,installed,python3-click,8.1.6-2
2025-08-05 16:51:24, installed, python3-click                                , 8.1.6-2
2025-08-05 16:51:24,installed,python3-lazr.uri,1.0.6-3
2025-08-05 16:51:24, installed, python3-lazr.uri                             , 1.0.6-3
2025-08-05 16:51:24,installed,python3-markupsafe,2.1.5-1build2
2025-08-05 16:51:24, installed, python3-markupsafe                           , 2.1.5-1build2
2025-08-05 16:51:24,installed,python3-tz,2024.1-2
2025-08-05 16:51:24, installed, python3-tz                                   , 2024.1-2
2025-08-05 16:51:24,installed,python3-xdg,0.28-2
2025-08-05 16:51:24, installed, python3-xdg                                  , 0.28-2
2025-08-05 16:51:24,installed,python-babel-localedata,2.10.3-3build1
2025-08-05 16:51:24, installed, python-babel-localedata                      , 2.10.3-3build1
2025-08-05 16:51:25,installed,acl,2.3.2-1build1.1
2025-08-05 16:51:25, installed, acl                                          , 2.3.2-1build1.1
2025-08-05 16:51:25,installed,dmz-cursor-theme,0.4.5ubuntu1
2025-08-05 16:51:25, installed, dmz-cursor-theme                             , 0.4.5ubuntu1
2025-08-05 16:51:25,installed,dns-root-data,2024071801~ubuntu0.24.04.1
2025-08-05 16:51:25, installed, dns-root-data                                , 2024071801~ubuntu0.24.04.1
2025-08-05 16:51:25,installed,gdisk,1.0.10-1build1
2025-08-05 16:51:25, installed, gdisk                                        , 1.0.10-1build1
2025-08-05 16:51:25,installed,gir1.2-packagekitglib-1.0,1.2.8-2ubuntu1.2
2025-08-05 16:51:25, installed, gir1.2-packagekitglib-1.0                    , 1.2.8-2ubuntu1.2
2025-08-05 16:51:25,installed,gnome-accessibility-themes,3.28-2ubuntu5
2025-08-05 16:51:25, installed, gnome-accessibility-themes                   , 3.28-2ubuntu5
2025-08-05 16:51:25,installed,gnome-desktop3-data,44.0-5build2
2025-08-05 16:51:25, installed, gnome-desktop3-data                          , 44.0-5build2
2025-08-05 16:51:25,installed,libao-common,1.2.2+20180113-1.1ubuntu4
2025-08-05 16:51:25, installed, libao-common                                 , 1.2.2+20180113-1.1ubuntu4
2025-08-05 16:51:25,installed,libasound2-data,1.2.11-1ubuntu0.1
2025-08-05 16:51:25, installed, libasound2-data                              , 1.2.11-1ubuntu0.1
2025-08-05 16:51:25,installed,libc6-dbg,2.39-0ubuntu8.5
2025-08-05 16:51:25, installed, libc6-dbg                                    , 2.39-0ubuntu8.5
2025-08-05 16:51:25,installed,libcdio-cdda2t64,10.2+2.0.1-1.1build2
2025-08-05 16:51:25, installed, libcdio-cdda2t64                             , 10.2+2.0.1-1.1build2
2025-08-05 16:51:25,installed,libdconf1,0.40.0-4build2
2025-08-05 16:51:25, installed, libdconf1                                    , 0.40.0-4build2
2025-08-05 16:51:25,installed,libdw1t64,0.190-1.1ubuntu0.1
2025-08-05 16:51:25, installed, libdw1t64                                    , 0.190-1.1ubuntu0.1
2025-08-05 16:51:25,installed,libei1,1.2.1-1
2025-08-05 16:51:25, installed, libei1                                       , 1.2.1-1
2025-08-05 16:51:25,installed,libexiv2-27,0.27.6-1build1
2025-08-05 16:51:25, installed, libexiv2-27                                  , 0.27.6-1build1
2025-08-05 16:51:25,installed,libfontenc1,1:1.1.8-1build1
2025-08-05 16:51:25, installed, libfontenc1                                  , 1:1.1.8-1build1
2025-08-05 16:51:25,installed,libgsf-1-114,1.14.51-2ubuntu0.1
2025-08-05 16:51:25, installed, libgsf-1-114                                 , 1.14.51-2ubuntu0.1
2025-08-05 16:51:25,installed,libgtop2-common,2.41.3-1build4
2025-08-05 16:51:25, installed, libgtop2-common                              , 2.41.3-1build4
2025-08-05 16:51:25,installed,libjansson4,2.14-2build2
2025-08-05 16:51:25, installed, libjansson4                                  , 2.14-2build2
2025-08-05 16:51:25,installed,libklibc,2.0.13-4ubuntu0.1
2025-08-05 16:51:25, installed, libklibc                                     , 2.0.13-4ubuntu0.1
2025-08-05 16:51:25,installed,libnfs14,5.0.2-1build1
2025-08-05 16:51:25, installed, libnfs14                                     , 5.0.2-1build1
2025-08-05 16:51:25,installed,liborc-0.4-0t64,1:0.4.38-1ubuntu0.1
2025-08-05 16:51:25, installed, liborc-0.4-0t64                              , 1:0.4.38-1ubuntu0.1
2025-08-05 16:51:25,installed,libpath-utils1t64,0.6.2-2.1build1
2025-08-05 16:51:25, installed, libpath-utils1t64                            , 0.6.2-2.1build1
2025-08-05 16:51:25,installed,libpcre2-32-0,10.42-4ubuntu2.1
2025-08-05 16:51:25, installed, libpcre2-32-0                                , 10.42-4ubuntu2.1
2025-08-05 16:51:25,installed,libpython3.12t64,3.12.3-1ubuntu0.7
2025-08-05 16:51:25, installed, libpython3.12t64                             , 3.12.3-1ubuntu0.7
2025-08-05 16:51:25,installed,libsasl2-modules-db,2.1.28+dfsg1-5ubuntu3.1
2025-08-05 16:51:25, installed, libsasl2-modules-db                          , 2.1.28+dfsg1-5ubuntu3.1
2025-08-05 16:51:25,installed,libspeechd2,0.12.0~rc2-2build3
2025-08-05 16:51:25, installed, libspeechd2                                  , 0.12.0~rc2-2build3
2025-08-05 16:51:25,installed,libtalloc2,2.4.2-1build2
2025-08-05 16:51:25, installed, libtalloc2                                   , 2.4.2-1build2
2025-08-05 16:51:25,installed,libxcb-image0,0.4.0-2build1
2025-08-05 16:51:25, installed, libxcb-image0                                , 0.4.0-2build1
2025-08-05 16:51:25,installed,libxcb-present0,1.15-1ubuntu2
2025-08-05 16:51:25, installed, libxcb-present0                              , 1.15-1ubuntu2
2025-08-05 16:51:25,installed,libxcb-util1,0.4.0-1build3
2025-08-05 16:51:25, installed, libxcb-util1                                 , 0.4.0-1build3
2025-08-05 16:51:25,installed,libxcb-xkb1,1.15-1ubuntu2
2025-08-05 16:51:25, installed, libxcb-xkb1                                  , 1.15-1ubuntu2
2025-08-05 16:51:25,installed,mscompress,0.4-10build1
2025-08-05 16:51:25, installed, mscompress                                   , 0.4-10build1
2025-08-05 16:51:25,installed,p11-kit-modules,0.25.3-4ubuntu2.1
2025-08-05 16:51:25, installed, p11-kit-modules                              , 0.25.3-4ubuntu2.1
2025-08-05 16:51:25,installed,poppler-data,0.4.12-1
2025-08-05 16:51:25, installed, poppler-data                                 , 0.4.12-1
2025-08-05 16:51:25,installed,python3-jinja2,3.1.2-1ubuntu1.3
2025-08-05 16:51:25, installed, python3-jinja2                               , 3.1.2-1ubuntu1.3
2025-08-05 16:51:25,installed,python3-serial,3.5-2
2025-08-05 16:51:25, installed, python3-serial                               , 3.5-2
2025-08-05 16:51:25,installed,python3-six,1.16.0-4
2025-08-05 16:51:25, installed, python3-six                                  , 1.16.0-4
2025-08-05 16:51:25,installed,xorg-docs-core,1:1.7.1-1.2
2025-08-05 16:51:25, installed, xorg-docs-core                               , 1:1.7.1-1.2
2025-08-05 16:51:25,installed,zip,3.0-13ubuntu0.2
2025-08-05 16:51:25, installed, zip                                          , 3.0-13ubuntu0.2
2025-08-05 16:51:26,installed,busybox-static,1:1.36.1-6ubuntu3.1
2025-08-05 16:51:26, installed, busybox-static                               , 1:1.36.1-6ubuntu3.1
2025-08-05 16:51:26,installed,emacsen-common,3.0.5
2025-08-05 16:51:26, installed, emacsen-common                               , 3.0.5
2025-08-05 16:51:26,installed,gcc-13-base,13.3.0-6ubuntu2~24.04
2025-08-05 16:51:26, installed, gcc-13-base                                  , 13.3.0-6ubuntu2~24.04
2025-08-05 16:51:26,installed,gnupg-l10n,2.4.4-2ubuntu17.3
2025-08-05 16:51:26, installed, gnupg-l10n                                   , 2.4.4-2ubuntu17.3
2025-08-05 16:51:26,installed,inputattach,1:1.8.1-2build1
2025-08-05 16:51:26, installed, inputattach                                  , 1:1.8.1-2build1
2025-08-05 16:51:26,installed,libasound2t64,1.2.11-1ubuntu0.1
2025-08-05 16:51:26, installed, libasound2t64                                , 1.2.11-1ubuntu0.1
2025-08-05 16:51:26,installed,libatasmart4,0.19-5build3
2025-08-05 16:51:26, installed, libatasmart4                                 , 0.19-5build3
2025-08-05 16:51:26,installed,libepoxy0,1.5.10-1build1
2025-08-05 16:51:26, installed, libepoxy0                                    , 1.5.10-1build1
2025-08-05 16:51:26,installed,libgles2,1.7.0-1build1
2025-08-05 16:51:26, installed, libgles2                                     , 1.7.0-1build1
2025-08-05 16:51:26,installed,liblouis-data,3.29.0-1build1
2025-08-05 16:51:26, installed, liblouis-data                                , 3.29.0-1build1
2025-08-05 16:51:26,installed,libmpfr6,4.2.1-1build1.1
2025-08-05 16:51:26, installed, libmpfr6                                     , 4.2.1-1build1.1
2025-08-05 16:51:26,installed,libnspr4,2:4.35-1.1build1
2025-08-05 16:51:26, installed, libnspr4                                     , 2:4.35-1.1build1
2025-08-05 16:51:26,installed,libnvme1t64,1.8-3ubuntu1
2025-08-05 16:51:26, installed, libnvme1t64                                  , 1.8-3ubuntu1
2025-08-05 16:51:26,installed,libqrtr-glib0,1.2.2-1ubuntu4
2025-08-05 16:51:26, installed, libqrtr-glib0                                , 1.2.2-1ubuntu4
2025-08-05 16:51:26,installed,libspa-0.2-modules,1.0.5-1ubuntu3.1
2025-08-05 16:51:26, installed, libspa-0.2-modules                           , 1.0.5-1ubuntu3.1
2025-08-05 16:51:26,installed,libtss2-sys1t64,4.0.1-7.1ubuntu5.1
2025-08-05 16:51:26, installed, libtss2-sys1t64                              , 4.0.1-7.1ubuntu5.1
2025-08-05 16:51:26,installed,libwrap0,7.6.q-33
2025-08-05 16:51:26, installed, libwrap0                                     , 7.6.q-33
2025-08-05 16:51:26,installed,libx11-data,2:1.8.7-1build1
2025-08-05 16:51:26, installed, libx11-data                                  , 2:1.8.7-1build1
2025-08-05 16:51:26,installed,python3-certifi,2023.11.17-1
2025-08-05 16:51:26, installed, python3-certifi                              , 2023.11.17-1
2025-08-05 16:51:26,installed,python3-chardet,5.2.0+dfsg-1
2025-08-05 16:51:26, installed, python3-chardet                              , 5.2.0+dfsg-1
2025-08-05 16:51:26,installed,python3-configobj,5.0.8-3
2025-08-05 16:51:26, installed, python3-configobj                            , 5.0.8-3
2025-08-05 16:51:26,installed,python3-pyparsing,3.1.1-1
2025-08-05 16:51:26, installed, python3-pyparsing                            , 3.1.1-1
2025-08-05 16:51:27,installed,ed,1.20.1-1
2025-08-05 16:51:27, installed, ed                                           , 1.20.1-1
2025-08-05 16:51:27,installed,friendly-recovery,0.2.42
2025-08-05 16:51:27, installed, friendly-recovery                            , 0.2.42
2025-08-05 16:51:27,installed,gnome-bluetooth-3-common,46.0-1ubuntu1
2025-08-05 16:51:27, installed, gnome-bluetooth-3-common                     , 46.0-1ubuntu1
2025-08-05 16:51:27,installed,libavahi-common-data,0.8-13ubuntu6
2025-08-05 16:51:27, installed, libavahi-common-data                         , 0.8-13ubuntu6
2025-08-05 16:51:27,installed,libdbus-glib-1-2,0.112-3build2
2025-08-05 16:51:27, installed, libdbus-glib-1-2                             , 0.112-3build2
2025-08-05 16:51:27,installed,libjbig2dec0,0.20-1build3
2025-08-05 16:51:27, installed, libjbig2dec0                                 , 0.20-1build3
2025-08-05 16:51:27,installed,libmarisa0,0.2.6-14ubuntu4
2025-08-05 16:51:27, installed, libmarisa0                                   , 0.2.6-14ubuntu4
2025-08-05 16:51:27,installed,libmtp-common,1.1.21-3.1build1
2025-08-05 16:51:27, installed, libmtp-common                                , 1.1.21-3.1build1
2025-08-05 16:51:27,installed,libncurses6,6.4+20240113-1ubuntu2
2025-08-05 16:51:27, installed, libncurses6                                  , 6.4+20240113-1ubuntu2
2025-08-05 16:51:27,installed,libopus0,1.4-1build1
2025-08-05 16:51:27, installed, libopus0                                     , 1.4-1build1
2025-08-05 16:51:27,installed,librtmp1,2.4+20151223.gitfa8646d.1-2build7
2025-08-05 16:51:27, installed, librtmp1                                     , 2.4+20151223.gitfa8646d.1-2build7
2025-08-05 16:51:27,installed,libteamdctl0,1.31-1build3
2025-08-05 16:51:27, installed, libteamdctl0                                 , 1.31-1build3
2025-08-05 16:51:27,installed,libxcb-sync1,1.15-1ubuntu2
2025-08-05 16:51:27, installed, libxcb-sync1                                 , 1.15-1ubuntu2
2025-08-05 16:51:27,installed,perl-modules-5.38,5.38.2-3.2ubuntu0.2
2025-08-05 16:51:27, installed, perl-modules-5.38                            , 5.38.2-3.2ubuntu0.2
2025-08-05 16:51:27,installed,python3-cryptography,41.0.7-4ubuntu0.1
2025-08-05 16:51:27, installed, python3-cryptography                         , 41.0.7-4ubuntu0.1
2025-08-05 16:51:27,installed,python3-wadllib,1.3.6-5
2025-08-05 16:51:27, installed, python3-wadllib                              , 1.3.6-5
2025-08-05 16:51:27,installed,ssl-cert,1.1.2ubuntu1
2025-08-05 16:51:27, installed, ssl-cert                                     , 1.1.2ubuntu1
2025-08-05 16:51:27,installed,strace,6.8-0ubuntu2
2025-08-05 16:51:27, installed, strace                                       , 6.8-0ubuntu2
2025-08-05 16:51:27,installed,wamerican,2020.12.07-2
2025-08-05 16:51:27, installed, wamerican                                    , 2020.12.07-2
2025-08-05 16:51:27,installed,xfonts-encodings,1:1.0.5-0ubuntu2
2025-08-05 16:51:27, installed, xfonts-encodings                             , 1:1.0.5-0ubuntu2
2025-08-05 16:51:27,installed,xz-utils,5.6.1+really5.4.5-1ubuntu0.2
2025-08-05 16:51:27, installed, xz-utils                                     , 5.6.1+really5.4.5-1ubuntu0.2
2025-08-05 16:51:27,installed,zenity-common,4.0.1-1build3
2025-08-05 16:51:27, installed, zenity-common                                , 4.0.1-1build3
2025-08-05 16:51:28,installed,busybox-initramfs,1:1.36.1-6ubuntu3.1
2025-08-05 16:51:28, installed, busybox-initramfs                            , 1:1.36.1-6ubuntu3.1
2025-08-05 16:51:28,installed,fonts-dejavu-core,2.37-8
2025-08-05 16:51:28, installed, fonts-dejavu-core                            , 2.37-8
2025-08-05 16:51:28,installed,fonts-dejavu-mono,2.37-8
2025-08-05 16:51:28, installed, fonts-dejavu-mono                            , 2.37-8
2025-08-05 16:51:28,installed,gir1.2-gck-2,4.2.0-5
2025-08-05 16:51:28, installed, gir1.2-gck-2                                 , 4.2.0-5
2025-08-05 16:51:28,installed,im-config,0.57-2
2025-08-05 16:51:28, installed, im-config                                    , 0.57-2
2025-08-05 16:51:28,installed,libatomic1,14.2.0-4ubuntu2~24.04
2025-08-05 16:51:28, installed, libatomic1                                   , 14.2.0-4ubuntu2~24.04
2025-08-05 16:51:28,installed,libbabeltrace1,1.5.11-3build3
2025-08-05 16:51:28, installed, libbabeltrace1                               , 1.5.11-3build3
2025-08-05 16:51:28,installed,libblockdev-nvme3,3.1.1-1ubuntu0.1
2025-08-05 16:51:28, installed, libblockdev-nvme3                            , 3.1.1-1ubuntu0.1
2025-08-05 16:51:28,installed,libblockdev-utils3,3.1.1-1ubuntu0.1
2025-08-05 16:51:28, installed, libblockdev-utils3                           , 3.1.1-1ubuntu0.1
2025-08-05 16:51:28,installed,libbytesize-common,2.10-1ubuntu2
2025-08-05 16:51:28, installed, libbytesize-common                           , 2.10-1ubuntu2
2025-08-05 16:51:28,installed,libcares2,1.27.0-1.0ubuntu1
2025-08-05 16:51:28, installed, libcares2                                    , 1.27.0-1.0ubuntu1
2025-08-05 16:51:28,installed,libcdio-paranoia2t64,10.2+2.0.1-1.1build2
2025-08-05 16:51:28, installed, libcdio-paranoia2t64                         , 10.2+2.0.1-1.1build2
2025-08-05 16:51:28,installed,libchewing3-data,0.6.0-1build1
2025-08-05 16:51:28, installed, libchewing3-data                             , 0.6.0-1build1
2025-08-05 16:51:28,installed,libcrack2,2.9.6-5.1build2
2025-08-05 16:51:28, installed, libcrack2                                    , 2.9.6-5.1build2
2025-08-05 16:51:28,installed,libdhash1t64,0.6.2-2.1build1
2025-08-05 16:51:28, installed, libdhash1t64                                 , 0.6.2-2.1build1
2025-08-05 16:51:28,installed,libdv4t64,1.0.0-17.1build1
2025-08-05 16:51:28, installed, libdv4t64                                    , 1.0.0-17.1build1
2025-08-05 16:51:28,installed,libexif12,0.6.24-1build2
2025-08-05 16:51:28, installed, libexif12                                    , 0.6.24-1build2
2025-08-05 16:51:28,installed,libgee-0.8-2,0.20.6-1build2
2025-08-05 16:51:28, installed, libgee-0.8-2                                 , 0.20.6-1build2
2025-08-05 16:51:28,installed,libgif7,5.2.2-1ubuntu1
2025-08-05 16:51:28, installed, libgif7                                      , 5.2.2-1ubuntu1
2025-08-05 16:51:28,installed,libgnome-menu-3-0,3.36.0-1.1ubuntu3
2025-08-05 16:51:28, installed, libgnome-menu-3-0                            , 3.36.0-1.1ubuntu3
2025-08-05 16:51:28,installed,libical3t64,3.0.17-1.1build3
2025-08-05 16:51:28, installed, libical3t64                                  , 3.0.17-1.1build3
2025-08-05 16:51:28,installed,libidn12,1.42-1build1
2025-08-05 16:51:28, installed, libidn12                                     , 1.42-1build1
2025-08-05 16:51:28,installed,libimagequant0,2.18.0-1build1
2025-08-05 16:51:28, installed, libimagequant0                               , 2.18.0-1build1
2025-08-05 16:51:28,installed,libipt2,2.0.6-1build1
2025-08-05 16:51:28, installed, libipt2                                      , 2.0.6-1build1
2025-08-05 16:51:28,installed,libjpeg-turbo8,2.1.5-2ubuntu2
2025-08-05 16:51:28, installed, libjpeg-turbo8                               , 2.1.5-2ubuntu2
2025-08-05 16:51:28,installed,libkpathsea6,2023.20230311.66589-9build3
2025-08-05 16:51:28, installed, libkpathsea6                                 , 2023.20230311.66589-9build3
2025-08-05 16:51:28,installed,libltdl7,2.4.7-7build1
2025-08-05 16:51:28, installed, libltdl7                                     , 2.4.7-7build1
2025-08-05 16:51:28,installed,libmpc3,1.3.1-1build1.1
2025-08-05 16:51:28, installed, libmpc3                                      , 1.3.1-1build1.1
2025-08-05 16:51:28,installed,libnautilus-extension4,1:46.4-0ubuntu0.1
2025-08-05 16:51:28, installed, libnautilus-extension4                       , 1:46.4-0ubuntu0.1
2025-08-05 16:51:28,installed,libnm0,1.46.0-1ubuntu2.2
2025-08-05 16:51:28, installed, libnm0                                       , 1.46.0-1ubuntu2.2
2025-08-05 16:51:28,installed,libpcsclite1,2.0.3-1build1
2025-08-05 16:51:28, installed, libpcsclite1                                 , 2.0.3-1build1
2025-08-05 16:51:28,installed,libpinyin-data,2.8.1-1build3
2025-08-05 16:51:28, installed, libpinyin-data                               , 2.8.1-1build3
2025-08-05 16:51:28,installed,libpng16-16t64,1.6.43-5build1
2025-08-05 16:51:28, installed, libpng16-16t64                               , 1.6.43-5build1
2025-08-05 16:51:28,installed,libsasl2-2,2.1.28+dfsg1-5ubuntu3.1
2025-08-05 16:51:28, installed, libsasl2-2                                   , 2.1.28+dfsg1-5ubuntu3.1
2025-08-05 16:51:28,installed,libsensors5,1:3.6.0-9build1
2025-08-05 16:51:28, installed, libsensors5                                  , 1:3.6.0-9build1
2025-08-05 16:51:28,installed,libsigc++-3.0-0,3.6.0-2
2025-08-05 16:51:28, installed, libsigc++-3.0-0                              , 3.6.0-2
2025-08-05 16:51:28,installed,libsonic0,0.2.0-13build1
2025-08-05 16:51:28, installed, libsonic0                                    , 0.2.0-13build1
2025-08-05 16:51:28,installed,libsoup2.4-common,2.74.3-6ubuntu1.6
2025-08-05 16:51:28, installed, libsoup2.4-common                            , 2.74.3-6ubuntu1.6
2025-08-05 16:51:28,installed,libssh-4,0.10.6-2ubuntu0.1
2025-08-05 16:51:28, installed, libssh-4                                     , 0.10.6-2ubuntu0.1
2025-08-05 16:51:28,installed,libtcl8.6,8.6.14+dfsg-1build1
2025-08-05 16:51:28, installed, libtcl8.6                                    , 8.6.14+dfsg-1build1
2025-08-05 16:51:28,installed,libtss2-tcti-device0t64,4.0.1-7.1ubuntu5.1
2025-08-05 16:51:28, installed, libtss2-tcti-device0t64                      , 4.0.1-7.1ubuntu5.1
2025-08-05 16:51:28,installed,libvorbis0a,1.3.7-1build3
2025-08-05 16:51:28, installed, libvorbis0a                                  , 1.3.7-1build3
2025-08-05 16:51:28,installed,libvulkan1,1.3.275.0-1build1
2025-08-05 16:51:28, installed, libvulkan1                                   , 1.3.275.0-1build1
2025-08-05 16:51:28,installed,libwebp7,1.3.2-0.4build3
2025-08-05 16:51:28, installed, libwebp7                                     , 1.3.2-0.4build3
2025-08-05 16:51:28,installed,libxcb-dri2-0,1.15-1ubuntu2
2025-08-05 16:51:28, installed, libxcb-dri2-0                                , 1.15-1ubuntu2
2025-08-05 16:51:28,installed,lsof,4.95.0-1build3
2025-08-05 16:51:28, installed, lsof                                         , 4.95.0-1build3
2025-08-05 16:51:28,installed,patch,2.7.6-7build3
2025-08-05 16:51:28, installed, patch                                        , 2.7.6-7build3
2025-08-05 16:51:28,installed,printer-driver-min12xxw,0.0.9-11build3
2025-08-05 16:51:28, installed, printer-driver-min12xxw                      , 0.0.9-11build3
2025-08-05 16:51:28,installed,python3-commandnotfound,23.04.0
2025-08-05 16:51:28, installed, python3-commandnotfound                      , 23.04.0
2025-08-05 16:51:28,installed,python3-idna,3.6-2ubuntu0.1
2025-08-05 16:51:28, installed, python3-idna                                 , 3.6-2ubuntu0.1
2025-08-05 16:51:28,installed,python3-urllib3,2.0.7-1ubuntu0.2
2025-08-05 16:51:28, installed, python3-urllib3                              , 2.0.7-1ubuntu0.2
2025-08-05 16:51:28,installed,rfkill,2.39.3-9ubuntu6.3
2025-08-05 16:51:28, installed, rfkill                                       , 2.39.3-9ubuntu6.3
2025-08-05 16:51:28,installed,ubuntu-wallpapers-noble,24.04.2
2025-08-05 16:51:28, installed, ubuntu-wallpapers-noble                      , 24.04.2
2025-08-05 16:51:28,installed,usb.ids,2024.03.18-1
2025-08-05 16:51:28, installed, usb.ids                                      , 2024.03.18-1
2025-08-05 16:51:28,installed,usb-modeswitch-data,20191128-6
2025-08-05 16:51:28, installed, usb-modeswitch-data                          , 20191128-6
2025-08-05 16:51:28,installed,yaru-theme-icon,24.04.2-0ubuntu1
2025-08-05 16:51:28, installed, yaru-theme-icon                              , 24.04.2-0ubuntu1
2025-08-05 16:51:29,installed,alsa-topology-conf,1.2.5.1-2
2025-08-05 16:51:29, installed, alsa-topology-conf                           , 1.2.5.1-2
2025-08-05 16:51:29,installed,at-spi2-common,2.52.0-1build1
2025-08-05 16:51:29, installed, at-spi2-common                               , 2.52.0-1build1
2025-08-05 16:51:29,installed,dracut-install,060+5-1ubuntu3.3
2025-08-05 16:51:29, installed, dracut-install                               , 060+5-1ubuntu3.3
2025-08-05 16:51:29,installed,fonts-liberation,1:2.1.5-3
2025-08-05 16:51:29, installed, fonts-liberation                             , 1:2.1.5-3
2025-08-05 16:51:29,installed,gir1.2-gmenu-3.0,3.36.0-1.1ubuntu3
2025-08-05 16:51:29, installed, gir1.2-gmenu-3.0                             , 3.36.0-1.1ubuntu3
2025-08-05 16:51:29,installed,gnome-control-center-faces,1:46.7-0ubuntu0.24.04.2
2025-08-05 16:51:29, installed, gnome-control-center-faces                   , 1:46.7-0ubuntu0.24.04.2
2025-08-05 16:51:29,installed,gnome-keyring-pkcs11,46.1-2build1
2025-08-05 16:51:29, installed, gnome-keyring-pkcs11                         , 46.1-2build1
2025-08-05 16:51:29,installed,gnome-session-common,46.0-1ubuntu4
2025-08-05 16:51:29, installed, gnome-session-common                         , 46.0-1ubuntu4
2025-08-05 16:51:29,installed,gpgconf,2.4.4-2ubuntu17.3
2025-08-05 16:51:29, installed, gpgconf                                      , 2.4.4-2ubuntu17.3
2025-08-05 16:51:29,installed,libao4,1.2.2+20180113-1.1ubuntu4
2025-08-05 16:51:29, installed, libao4                                       , 1.2.2+20180113-1.1ubuntu4
2025-08-05 16:51:29,installed,libasyncns0,0.8-6build4
2025-08-05 16:51:29, installed, libasyncns0                                  , 0.8-6build4
2025-08-05 16:51:29,installed,libblockdev-fs3,3.1.1-1ubuntu0.1
2025-08-05 16:51:29, installed, libblockdev-fs3                              , 3.1.1-1ubuntu0.1
2025-08-05 16:51:29,installed,libbluetooth3,5.72-0ubuntu5.3
2025-08-05 16:51:29, installed, libbluetooth3                                , 5.72-0ubuntu5.3
2025-08-05 16:51:29,installed,libcupsfilters2-common,2.0.0-0ubuntu7.1
2025-08-05 16:51:29, installed, libcupsfilters2-common                       , 2.0.0-0ubuntu7.1
2025-08-05 16:51:29,installed,libduktape207,2.7.0+tests-0ubuntu3
2025-08-05 16:51:29, installed, libduktape207                                , 2.7.0+tests-0ubuntu3
2025-08-05 16:51:29,installed,libeatmydata1,131-1ubuntu1
2025-08-05 16:51:29, installed, libeatmydata1                                , 131-1ubuntu1
2025-08-05 16:51:29,installed,libefiboot1t64,38-3.1build1
2025-08-05 16:51:29, installed, libefiboot1t64                               , 38-3.1build1
2025-08-05 16:51:29,installed,libgtop-2.0-11,2.41.3-1build4
2025-08-05 16:51:29, installed, libgtop-2.0-11                               , 2.41.3-1build4
2025-08-05 16:51:29,installed,libldacbt-abr2,2.0.2.3+git20200429+ed310a0-4ubuntu2
2025-08-05 16:51:29, installed, libldacbt-abr2                               , 2.0.2.3+git20200429+ed310a0-4ubuntu2
2025-08-05 16:51:29,installed,libmm-glib0,1.23.4-0ubuntu2
2025-08-05 16:51:29, installed, libmm-glib0                                  , 1.23.4-0ubuntu2
2025-08-05 16:51:29,installed,libmozjs-115-0t64,115.10.0-1
2025-08-05 16:51:29, installed, libmozjs-115-0t64                            , 115.10.0-1
2025-08-05 16:51:29,installed,libmtdev1t64,1.1.6-1.1build1
2025-08-05 16:51:29, installed, libmtdev1t64                                 , 1.1.6-1.1build1
2025-08-05 16:51:29,installed,libnfnetlink0,1.0.2-2build1
2025-08-05 16:51:29, installed, libnfnetlink0                                , 1.0.2-2build1
2025-08-05 16:51:29,installed,libnl-3-200,3.7.0-0.3build1.1
2025-08-05 16:51:29, installed, libnl-3-200                                  , 3.7.0-0.3build1.1
2025-08-05 16:51:29,installed,libnuma1,2.0.18-1build1
2025-08-05 16:51:29, installed, libnuma1                                     , 2.0.18-1build1
2025-08-05 16:51:29,installed,libopencc-data,1.1.7+ds1-1build1
2025-08-05 16:51:29, installed, libopencc-data                               , 1.1.7+ds1-1build1
2025-08-05 16:51:29,installed,libpci3,1:3.10.0-2build1
2025-08-05 16:51:29, installed, libpci3                                      , 1:3.10.0-2build1
2025-08-05 16:51:29,installed,libplist-2.0-4,2.3.0-1~exp2build2
2025-08-05 16:51:29, installed, libplist-2.0-4                               , 2.3.0-1~exp2build2
2025-08-05 16:51:29,installed,libspeexdsp1,1.2.1-1ubuntu3
2025-08-05 16:51:29, installed, libspeexdsp1                                 , 1.2.1-1ubuntu3
2025-08-05 16:51:29,installed,libtag1v5,1.13.1-1build1
2025-08-05 16:51:29, installed, libtag1v5                                    , 1.13.1-1build1
2025-08-05 16:51:29,installed,libtraceevent1,1:1.8.2-1ubuntu2.1
2025-08-05 16:51:29, installed, libtraceevent1                               , 1:1.8.2-1ubuntu2.1
2025-08-05 16:51:29,installed,libtss2-tcti-mssim0t64,4.0.1-7.1ubuntu5.1
2025-08-05 16:51:29, installed, libtss2-tcti-mssim0t64                       , 4.0.1-7.1ubuntu5.1
2025-08-05 16:51:29,installed,libuchardet0,0.0.8-1build1
2025-08-05 16:51:29, installed, libuchardet0                                 , 0.0.8-1build1
2025-08-05 16:51:29,installed,libupower-glib3,1.90.3-1
2025-08-05 16:51:29, installed, libupower-glib3                              , 1.90.3-1
2025-08-05 16:51:29,installed,libusbmuxd6,2.0.2-4build3
2025-08-05 16:51:29, installed, libusbmuxd6                                  , 2.0.2-4build3
2025-08-05 16:51:29,installed,libvpx9,1.14.0-1ubuntu2.2
2025-08-05 16:51:29, installed, libvpx9                                      , 1.14.0-1ubuntu2.2
2025-08-05 16:51:29,installed,libwavpack1,5.6.0-1build1
2025-08-05 16:51:29, installed, libwavpack1                                  , 5.6.0-1build1
2025-08-05 16:51:29,installed,libxcb-randr0,1.15-1ubuntu2
2025-08-05 16:51:29, installed, libxcb-randr0                                , 1.15-1ubuntu2
2025-08-05 16:51:29,installed,libxcb-xv0,1.15-1ubuntu2
2025-08-05 16:51:29, installed, libxcb-xv0                                   , 1.15-1ubuntu2
2025-08-05 16:51:29,installed,libxcvt0,0.1.2-1build1
2025-08-05 16:51:29, installed, libxcvt0                                     , 0.1.2-1build1
2025-08-05 16:51:29,installed,libxshmfence1,1.3-1build5
2025-08-05 16:51:29, installed, libxshmfence1                                , 1.3-1build5
2025-08-05 16:51:29,installed,libxslt1.1,1.1.39-0exp1ubuntu0.24.04.2
2025-08-05 16:51:29, installed, libxslt1.1                                   , 1.1.39-0exp1ubuntu0.24.04.2
2025-08-05 16:51:29,installed,nano,7.2-2ubuntu0.1
2025-08-05 16:51:29, installed, nano                                         , 7.2-2ubuntu0.1
2025-08-05 16:51:29,installed,pcmciautils,018-14build1
2025-08-05 16:51:29, installed, pcmciautils                                  , 018-14build1
2025-08-05 16:51:29,installed,python3-defer,1.0.6-2.1ubuntu1
2025-08-05 16:51:29, installed, python3-defer                                , 1.0.6-2.1ubuntu1
2025-08-05 16:51:29,installed,python3-httplib2,0.20.4-3
2025-08-05 16:51:29, installed, python3-httplib2                             , 0.20.4-3
2025-08-05 16:51:29,installed,python3-json-pointer,2.0-0ubuntu1
2025-08-05 16:51:29, installed, python3-json-pointer                         , 2.0-0ubuntu1
2025-08-05 16:51:29,installed,python3-pyrsistent,0.20.0-1build2
2025-08-05 16:51:29, installed, python3-pyrsistent                           , 0.20.0-1build2
2025-08-05 16:51:29,installed,sound-theme-freedesktop,0.8-2ubuntu1
2025-08-05 16:51:29, installed, sound-theme-freedesktop                      , 0.8-2ubuntu1
2025-08-05 16:51:29,installed,ubuntu-report,1.7.3ubuntu0.24.04.3
2025-08-05 16:51:29, installed, ubuntu-report                                , 1.7.3ubuntu0.24.04.3
2025-08-05 16:51:29,installed,xdg-dbus-proxy,0.1.5-1build2
2025-08-05 16:51:29, installed, xdg-dbus-proxy                               , 0.1.5-1build2
2025-08-05 16:51:29,installed,yaru-theme-sound,24.04.2-0ubuntu1
2025-08-05 16:51:29, installed, yaru-theme-sound                             , 24.04.2-0ubuntu1
2025-08-05 16:51:30,installed,aptdaemon-data,1.1.1+bzr982-0ubuntu44
2025-08-05 16:51:30, installed, aptdaemon-data                               , 1.1.1+bzr982-0ubuntu44
2025-08-05 16:51:30,installed,dc,1.07.1-3ubuntu4
2025-08-05 16:51:30, installed, dc                                           , 1.07.1-3ubuntu4
2025-08-05 16:51:30,installed,dmidecode,3.5-3ubuntu0.1
2025-08-05 16:51:30, installed, dmidecode                                    , 3.5-3ubuntu0.1
2025-08-05 16:51:30,installed,fonts-arphic-ukai,0.2.20080216.2-5
2025-08-05 16:51:30, installed, fonts-arphic-ukai                            , 0.2.20080216.2-5
2025-08-05 16:51:30,installed,fonts-droid-fallback,1:6.0.1r16-1.1build1
2025-08-05 16:51:30, installed, fonts-droid-fallback                         , 1:6.0.1r16-1.1build1
2025-08-05 16:51:30,installed,fonts-liberation-sans-narrow,1:1.07.6-4
2025-08-05 16:51:30, installed, fonts-liberation-sans-narrow                 , 1:1.07.6-4
2025-08-05 16:51:30,installed,gir1.2-nm-1.0,1.46.0-1ubuntu2.2
2025-08-05 16:51:30, installed, gir1.2-nm-1.0                                , 1.46.0-1ubuntu2.2
2025-08-05 16:51:30,installed,glib-networking-common,2.80.0-1build1
2025-08-05 16:51:30, installed, glib-networking-common                       , 2.80.0-1build1
2025-08-05 16:51:30,installed,klibc-utils,2.0.13-4ubuntu0.1
2025-08-05 16:51:30, installed, klibc-utils                                  , 2.0.13-4ubuntu0.1
2025-08-05 16:51:30,installed,libabsl20220623t64,20220623.1-3.1ubuntu3.2
2025-08-05 16:51:30, installed, libabsl20220623t64                           , 20220623.1-3.1ubuntu3.2
2025-08-05 16:51:30,installed,libaccountsservice0,23.13.9-2ubuntu6
2025-08-05 16:51:30, installed, libaccountsservice0                          , 23.13.9-2ubuntu6
2025-08-05 16:51:30,installed,libbrlapi0.8,6.6-4ubuntu5
2025-08-05 16:51:30, installed, libbrlapi0.8                                 , 6.6-4ubuntu5
2025-08-05 16:51:30,installed,libbytesize1,2.10-1ubuntu2
2025-08-05 16:51:30, installed, libbytesize1                                 , 2.10-1ubuntu2
2025-08-05 16:51:30,installed,libchewing3,0.6.0-1build1
2025-08-05 16:51:30, installed, libchewing3                                  , 0.6.0-1build1
2025-08-05 16:51:30,installed,libdaemon0,0.14-7.1ubuntu4
2025-08-05 16:51:30, installed, libdaemon0                                   , 0.14-7.1ubuntu4
2025-08-05 16:51:30,installed,libde265-0,1.0.15-1build3
2025-08-05 16:51:30, installed, libde265-0                                   , 1.0.15-1build3
2025-08-05 16:51:30,installed,libdjvulibre-text,3.5.28-2ubuntu0.24.04.1
2025-08-05 16:51:30, installed, libdjvulibre-text                            , 3.5.28-2ubuntu0.24.04.1
2025-08-05 16:51:30,installed,libdotconf0,1.3-0.3fakesync1build3
2025-08-05 16:51:30, installed, libdotconf0                                  , 1.3-0.3fakesync1build3
2025-08-05 16:51:30,installed,libeis1,1.2.1-1
2025-08-05 16:51:30, installed, libeis1                                      , 1.2.1-1
2025-08-05 16:51:30,installed,libflac12t64,1.4.3+ds-2.1ubuntu2
2025-08-05 16:51:30, installed, libflac12t64                                 , 1.4.3+ds-2.1ubuntu2
2025-08-05 16:51:30,installed,libgamemodeauto0,1.8.1-2build1
2025-08-05 16:51:30, installed, libgamemodeauto0                             , 1.8.1-2build1
2025-08-05 16:51:30,installed,libgck-1-0,3.41.2-1build3
2025-08-05 16:51:30, installed, libgck-1-0                                   , 3.41.2-1build3
2025-08-05 16:51:30,installed,libgexiv2-2,0.14.2-2build3
2025-08-05 16:51:30, installed, libgexiv2-2                                  , 0.14.2-2build3
2025-08-05 16:51:30,installed,libglu1-mesa,9.0.2-1.1build1
2025-08-05 16:51:30, installed, libglu1-mesa                                 , 9.0.2-1.1build1
2025-08-05 16:51:30,installed,libgtk2.0-common,2.24.33-4ubuntu1.1
2025-08-05 16:51:30, installed, libgtk2.0-common                             , 2.24.33-4ubuntu1.1
2025-08-05 16:51:30,installed,libgupnp-av-1.0-3,0.14.1-2build2
2025-08-05 16:51:30, installed, libgupnp-av-1.0-3                            , 0.14.1-2build2
2025-08-05 16:51:30,installed,libhunspell-1.7-0,1.7.2+really1.7.2-10build3
2025-08-05 16:51:30, installed, libhunspell-1.7-0                            , 1.7.2+really1.7.2-10build3
2025-08-05 16:51:30,installed,libimobiledevice6,1.3.0-8.1build3
2025-08-05 16:51:30, installed, libimobiledevice6                            , 1.3.0-8.1build3
2025-08-05 16:51:30,installed,libini-config5t64,0.6.2-2.1build1
2025-08-05 16:51:30, installed, libini-config5t64                            , 0.6.2-2.1build1
2025-08-05 16:51:30,installed,libisl23,0.26-3build1.1
2025-08-05 16:51:30, installed, libisl23                                     , 0.26-3build1.1
2025-08-05 16:51:30,installed,libjson-glib-1.0-common,1.8.0-2build2
2025-08-05 16:51:30, installed, libjson-glib-1.0-common                      , 1.8.0-2build2
2025-08-05 16:51:30,installed,liblua5.4-0,5.4.6-3build2
2025-08-05 16:51:30, installed, liblua5.4-0                                  , 5.4.6-3build2
2025-08-05 16:51:30,installed,libndp0,1.8-1fakesync1ubuntu0.24.04.1
2025-08-05 16:51:30, installed, libndp0                                      , 1.8-1fakesync1ubuntu0.24.04.1
2025-08-05 16:51:30,installed,libnss-mdns,0.15.1-4build1
2025-08-05 16:51:30, installed, libnss-mdns                                  , 0.15.1-4build1
2025-08-05 16:51:30,installed,libopenjp2-7,2.5.0-2ubuntu0.3
2025-08-05 16:51:30, installed, libopenjp2-7                                 , 2.5.0-2ubuntu0.3
2025-08-05 16:51:30,installed,libperl5.38t64,5.38.2-3.2ubuntu0.2
2025-08-05 16:51:30, installed, libperl5.38t64                               , 5.38.2-3.2ubuntu0.2
2025-08-05 16:51:30,installed,libpkcs11-helper1t64,1.29.0-2.1build2
2025-08-05 16:51:30, installed, libpkcs11-helper1t64                         , 1.29.0-2.1build2
2025-08-05 16:51:30,installed,libppd2-common,2:2.0.0-0ubuntu4.1
2025-08-05 16:51:30, installed, libppd2-common                               , 2:2.0.0-0ubuntu4.1
2025-08-05 16:51:30,installed,libsamplerate0,0.2.2-4build1
2025-08-05 16:51:30, installed, libsamplerate0                               , 0.2.2-4build1
2025-08-05 16:51:30,installed,libsane-common,1.2.1-7build4
2025-08-05 16:51:30, installed, libsane-common                               , 1.2.1-7build4
2025-08-05 16:51:30,installed,libsss-nss-idmap0,2.9.4-1.1ubuntu6.2
2025-08-05 16:51:30, installed, libsss-nss-idmap0                            , 2.9.4-1.1ubuntu6.2
2025-08-05 16:51:30,installed,libstemmer0d,2.2.0-4build1
2025-08-05 16:51:30, installed, libstemmer0d                                 , 2.2.0-4build1
2025-08-05 16:51:30,installed,libthai-data,0.1.29-2build1
2025-08-05 16:51:30, installed, libthai-data                                 , 0.1.29-2build1
2025-08-05 16:51:30,installed,libtss2-tcti-cmd0t64,4.0.1-7.1ubuntu5.1
2025-08-05 16:51:30, installed, libtss2-tcti-cmd0t64                         , 4.0.1-7.1ubuntu5.1
2025-08-05 16:51:30,installed,libtss2-tcti-swtpm0t64,4.0.1-7.1ubuntu5.1
2025-08-05 16:51:30, installed, libtss2-tcti-swtpm0t64                       , 4.0.1-7.1ubuntu5.1
2025-08-05 16:51:30,installed,libusb-1.0-0,2:1.0.27-1
2025-08-05 16:51:30, installed, libusb-1.0-0                                 , 2:1.0.27-1
2025-08-05 16:51:30,installed,libwayland-egl1,1.22.0-2.1build1
2025-08-05 16:51:30, installed, libwayland-egl1                              , 1.22.0-2.1build1
2025-08-05 16:51:30,installed,libwebpmux3,1.3.2-0.4build3
2025-08-05 16:51:30, installed, libwebpmux3                                  , 1.3.2-0.4build3
2025-08-05 16:51:30,installed,libx11-6,2:1.8.7-1build1
2025-08-05 16:51:30, installed, libx11-6                                     , 2:1.8.7-1build1
2025-08-05 16:51:30,installed,libxkbfile1,1:1.1.0-1build4
2025-08-05 16:51:30, installed, libxkbfile1                                  , 1:1.1.0-1build4
2025-08-05 16:51:30,installed,p11-kit,0.25.3-4ubuntu2.1
2025-08-05 16:51:30, installed, p11-kit                                      , 0.25.3-4ubuntu2.1
2025-08-05 16:51:30,installed,policykit-desktop-privileges,0.22
2025-08-05 16:51:30, installed, policykit-desktop-privileges                 , 0.22
2025-08-05 16:51:30,installed,python3-dateutil,2.8.2-3ubuntu1
2025-08-05 16:51:30, installed, python3-dateutil                             , 2.8.2-3ubuntu1
2025-08-05 16:51:30,installed,python3-xkit,0.5.0ubuntu6
2025-08-05 16:51:30, installed, python3-xkit                                 , 0.5.0ubuntu6
2025-08-05 16:51:30,installed,sbsigntool,0.9.4-3.1ubuntu7
2025-08-05 16:51:30, installed, sbsigntool                                   , 0.9.4-3.1ubuntu7
2025-08-05 16:51:30,installed,sgml-base,1.31
2025-08-05 16:51:30, installed, sgml-base                                    , 1.31
2025-08-05 16:51:30,installed,systemd-oomd,255.4-1ubuntu8.10
2025-08-05 16:51:30, installed, systemd-oomd                                 , 255.4-1ubuntu8.10
2025-08-05 16:51:30,installed,tnftp,20230507-2build3
2025-08-05 16:51:30, installed, tnftp                                        , 20230507-2build3
2025-08-05 16:51:30,installed,ubuntu-wallpapers,24.04.2
2025-08-05 16:51:30, installed, ubuntu-wallpapers                            , 24.04.2
2025-08-05 16:51:31,installed,cloud-guest-utils,0.33-1
2025-08-05 16:51:31, installed, cloud-guest-utils                            , 0.33-1
2025-08-05 16:51:31,installed,gir1.2-ibus-1.0,1.5.29-2
2025-08-05 16:51:31, installed, gir1.2-ibus-1.0                              , 1.5.29-2
2025-08-05 16:51:31,installed,gvfs-common,1.54.4-0ubuntu1~24.04.1
2025-08-05 16:51:31, installed, gvfs-common                                  , 1.54.4-0ubuntu1~24.04.1
2025-08-05 16:51:31,installed,libarchive13t64,3.7.2-2ubuntu0.5
2025-08-05 16:51:31, installed, libarchive13t64                              , 3.7.2-2ubuntu0.5
2025-08-05 16:51:31,installed,libdrm-common,2.4.122-1~ubuntu0.24.04.1
2025-08-05 16:51:31, installed, libdrm-common                                , 2.4.122-1~ubuntu0.24.04.1
2025-08-05 16:51:31,installed,libevdev2,1.13.1+dfsg-1build1
2025-08-05 16:51:31, installed, libevdev2                                    , 1.13.1+dfsg-1build1
2025-08-05 16:51:31,installed,libgcr-base-3-1,3.41.2-1build3
2025-08-05 16:51:31, installed, libgcr-base-3-1                              , 3.41.2-1build3
2025-08-05 16:51:31,installed,libpipewire-0.3-0t64,1.0.5-1ubuntu3.1
2025-08-05 16:51:31, installed, libpipewire-0.3-0t64                         , 1.0.5-1ubuntu3.1
2025-08-05 16:51:31,installed,libsasl2-modules-gssapi-mit,2.1.28+dfsg1-5ubuntu3.1
2025-08-05 16:51:31, installed, libsasl2-modules-gssapi-mit                  , 2.1.28+dfsg1-5ubuntu3.1
2025-08-05 16:51:31,installed,libxcomposite1,1:0.4.5-1build3
2025-08-05 16:51:31, installed, libxcomposite1                               , 1:0.4.5-1build3
2025-08-05 16:51:31,installed,publicsuffix,20231001.0357-0.1
2025-08-05 16:51:31, installed, publicsuffix                                 , 20231001.0357-0.1
2025-08-05 16:51:31,installed,python3-distro-info,1.7build1
2025-08-05 16:51:31, installed, python3-distro-info                          , 1.7build1
2025-08-05 16:51:31,installed,sysstat,12.6.1-2
2025-08-05 16:51:31, installed, sysstat                                      , 12.6.1-2
2025-08-05 16:51:32,installed,bolt,0.9.7-1
2025-08-05 16:51:32, installed, bolt                                         , 0.9.7-1
2025-08-05 16:51:32,installed,eatmydata,131-1ubuntu1
2025-08-05 16:51:32, installed, eatmydata                                    , 131-1ubuntu1
2025-08-05 16:51:32,installed,espeak-ng-data,1.51+dfsg-12build1
2025-08-05 16:51:32, installed, espeak-ng-data                               , 1.51+dfsg-12build1
2025-08-05 16:51:32,installed,fonts-noto-core,20201225-2
2025-08-05 16:51:32, installed, fonts-noto-core                              , 20201225-2
2025-08-05 16:51:32,installed,foomatic-db-compressed-ppds,20230202-1
2025-08-05 16:51:32, installed, foomatic-db-compressed-ppds                  , 20230202-1
2025-08-05 16:51:32,installed,gir1.2-graphene-1.0,1.10.8-3build2
2025-08-05 16:51:32, installed, gir1.2-graphene-1.0                          , 1.10.8-3build2
2025-08-05 16:51:32,installed,gir1.2-gstreamer-1.0,1.24.2-1ubuntu0.1
2025-08-05 16:51:32, installed, gir1.2-gstreamer-1.0                         , 1.24.2-1ubuntu0.1
2025-08-05 16:51:32,installed,gnupg-utils,2.4.4-2ubuntu17.3
2025-08-05 16:51:32, installed, gnupg-utils                                  , 2.4.4-2ubuntu17.3
2025-08-05 16:51:32,installed,gpg,2.4.4-2ubuntu17.3
2025-08-05 16:51:32, installed, gpg                                          , 2.4.4-2ubuntu17.3
2025-08-05 16:51:32,installed,iio-sensor-proxy,3.5-1build2
2025-08-05 16:51:32, installed, iio-sensor-proxy                             , 3.5-1build2
2025-08-05 16:51:32,installed,info,7.1-3build2
2025-08-05 16:51:32, installed, info                                         , 7.1-3build2
2025-08-05 16:51:32,installed,initramfs-tools-bin,0.142ubuntu25.5
2025-08-05 16:51:32, installed, initramfs-tools-bin                          , 0.142ubuntu25.5
2025-08-05 16:51:32,installed,iputils-tracepath,3:20240117-1ubuntu0.1
2025-08-05 16:51:32, installed, iputils-tracepath                            , 3:20240117-1ubuntu0.1
2025-08-05 16:51:32,installed,laptop-detect,0.16
2025-08-05 16:51:32, installed, laptop-detect                                , 0.16
2025-08-05 16:51:32,installed,libaa1,1.4p5-51.1
2025-08-05 16:51:32, installed, libaa1                                       , 1.4p5-51.1
2025-08-05 16:51:32,installed,libatopology2t64,1.2.11-1ubuntu0.1
2025-08-05 16:51:32, installed, libatopology2t64                             , 1.2.11-1ubuntu0.1
2025-08-05 16:51:32,installed,libavc1394-0,0.5.4-5build3
2025-08-05 16:51:32, installed, libavc1394-0                                 , 0.5.4-5build3
2025-08-05 16:51:32,installed,libfftw3-single3,3.3.10-1ubuntu3
2025-08-05 16:51:32, installed, libfftw3-single3                             , 3.3.10-1ubuntu3
2025-08-05 16:51:32,installed,libgraphene-1.0-0,1.10.8-3build2
2025-08-05 16:51:32, installed, libgraphene-1.0-0                            , 1.10.8-3build2
2025-08-05 16:51:32,installed,libgstreamer1.0-0,1.24.2-1ubuntu0.1
2025-08-05 16:51:32, installed, libgstreamer1.0-0                            , 1.24.2-1ubuntu0.1
2025-08-05 16:51:32,installed,libgudev-1.0-0,1:238-5ubuntu1
2025-08-05 16:51:32, installed, libgudev-1.0-0                               , 1:238-5ubuntu1
2025-08-05 16:51:32,installed,libice6,2:1.0.10-1build3
2025-08-05 16:51:32, installed, libice6                                      , 2:1.0.10-1build3
2025-08-05 16:51:32,installed,libiec61883-0,1.2.0-6build1
2025-08-05 16:51:32, installed, libiec61883-0                                , 1.2.0-6build1
2025-08-05 16:51:32,installed,libjpeg8,8c-2ubuntu11
2025-08-05 16:51:32, installed, libjpeg8                                     , 8c-2ubuntu11
2025-08-05 16:51:32,installed,libldap2,2.6.7+dfsg-1~exp1ubuntu8.2
2025-08-05 16:51:32, installed, libldap2                                     , 2.6.7+dfsg-1~exp1ubuntu8.2
2025-08-05 16:51:32,installed,liblouis20,3.29.0-1build1
2025-08-05 16:51:32, installed, liblouis20                                   , 3.29.0-1build1
2025-08-05 16:51:32,installed,libmalcontent-0-0,0.11.1-1ubuntu1.1
2025-08-05 16:51:32, installed, libmalcontent-0-0                            , 0.11.1-1ubuntu1.1
2025-08-05 16:51:32,installed,libmbim-glib4,1.31.2-0ubuntu3
2025-08-05 16:51:32, installed, libmbim-glib4                                , 1.31.2-0ubuntu3
2025-08-05 16:51:32,installed,libmp3lame0,3.100-6build1
2025-08-05 16:51:32, installed, libmp3lame0                                  , 3.100-6build1
2025-08-05 16:51:32,installed,libnfsidmap1,1:2.6.4-3ubuntu5.1
2025-08-05 16:51:32, installed, libnfsidmap1                                 , 1:2.6.4-3ubuntu5.1
2025-08-05 16:51:32,installed,libnftables1,1.0.9-1build1
2025-08-05 16:51:32, installed, libnftables1                                 , 1.0.9-1build1
2025-08-05 16:51:32,installed,libnss-sss,2.9.4-1.1ubuntu6.2
2025-08-05 16:51:32, installed, libnss-sss                                   , 2.9.4-1.1ubuntu6.2
2025-08-05 16:51:32,installed,libonig5,6.9.9-1build1
2025-08-05 16:51:32, installed, libonig5                                     , 6.9.9-1build1
2025-08-05 16:51:32,installed,libpam-gnome-keyring,46.1-2build1
2025-08-05 16:51:32, installed, libpam-gnome-keyring                         , 46.1-2build1
2025-08-05 16:51:32,installed,libpolkit-gobject-1-0,124-2ubuntu1.24.04.2
2025-08-05 16:51:32, installed, libpolkit-gobject-1-0                        , 124-2ubuntu1.24.04.2
2025-08-05 16:51:32,installed,libsecret-common,0.21.4-1build3
2025-08-05 16:51:32, installed, libsecret-common                             , 0.21.4-1build3
2025-08-05 16:51:32,installed,libsnmp40t64,5.9.4+dfsg-1.1ubuntu3.1
2025-08-05 16:51:32, installed, libsnmp40t64                                 , 5.9.4+dfsg-1.1ubuntu3.1
2025-08-05 16:51:32,installed,libsynctex2,2023.20230311.66589-9build3
2025-08-05 16:51:32, installed, libsynctex2                                  , 2023.20230311.66589-9build3
2025-08-05 16:51:32,installed,libtevent0t64,0.16.1-2build1
2025-08-05 16:51:32, installed, libtevent0t64                                , 0.16.1-2build1
2025-08-05 16:51:32,installed,libtss2-tcti-spi-helper0t64,4.0.1-7.1ubuntu5.1
2025-08-05 16:51:32, installed, libtss2-tcti-spi-helper0t64                  , 4.0.1-7.1ubuntu5.1
2025-08-05 16:51:32,installed,libudisks2-0,2.10.1-6ubuntu1.2
2025-08-05 16:51:32, installed, libudisks2-0                                 , 2.10.1-6ubuntu1.2
2025-08-05 16:51:32,installed,libunity-protocol-private0,7.1.4+19.04.20190319-6build4
2025-08-05 16:51:32, installed, libunity-protocol-private0                   , 7.1.4+19.04.20190319-6build4
2025-08-05 16:51:32,installed,libvorbisenc2,1.3.7-1build3
2025-08-05 16:51:32, installed, libvorbisenc2                                , 1.3.7-1build3
2025-08-05 16:51:32,installed,libwacom-common,2.10.0-2
2025-08-05 16:51:32, installed, libwacom-common                              , 2.10.0-2
2025-08-05 16:51:32,installed,libwayland-client0,1.22.0-2.1build1
2025-08-05 16:51:32, installed, libwayland-client0                           , 1.22.0-2.1build1
2025-08-05 16:51:32,installed,libx11-xcb1,2:1.8.7-1build1
2025-08-05 16:51:32, installed, libx11-xcb1                                  , 2:1.8.7-1build1
2025-08-05 16:51:32,installed,libxcb-damage0,1.15-1ubuntu2
2025-08-05 16:51:32, installed, libxcb-damage0                               , 1.15-1ubuntu2
2025-08-05 16:51:32,installed,libxcb-dri3-0,1.15-1ubuntu2
2025-08-05 16:51:32, installed, libxcb-dri3-0                                , 1.15-1ubuntu2
2025-08-05 16:51:32,installed,libxcb-res0,1.15-1ubuntu2
2025-08-05 16:51:32, installed, libxcb-res0                                  , 1.15-1ubuntu2
2025-08-05 16:51:32,installed,libxdamage1,1:1.1.6-1build1
2025-08-05 16:51:32, installed, libxdamage1                                  , 1:1.1.6-1build1
2025-08-05 16:51:32,installed,libxkbcommon0,1.6.0-1build1
2025-08-05 16:51:32, installed, libxkbcommon0                                , 1.6.0-1build1
2025-08-05 16:51:32,installed,libxmuu1,2:1.1.3-3build2
2025-08-05 16:51:32, installed, libxmuu1                                     , 2:1.1.3-3build2
2025-08-05 16:51:32,installed,python3-blinker,1.7.0-1
2025-08-05 16:51:32, installed, python3-blinker                              , 1.7.0-1
2025-08-05 16:51:32,installed,python3-ptyprocess,0.7.0-5
2025-08-05 16:51:32, installed, python3-ptyprocess                           , 0.7.0-5
2025-08-05 16:51:32,installed,python3-systemd,235-1build4
2025-08-05 16:51:32, installed, python3-systemd                              , 235-1build4
2025-08-05 16:51:32,installed,rsync,3.2.7-1ubuntu1.2
2025-08-05 16:51:32, installed, rsync                                        , 3.2.7-1ubuntu1.2
2025-08-05 16:51:32,installed,tcl8.6,8.6.14+dfsg-1build1
2025-08-05 16:51:32, installed, tcl8.6                                       , 8.6.14+dfsg-1build1
2025-08-05 16:51:32,installed,xbitmaps,1.1.1-2.2
2025-08-05 16:51:32, installed, xbitmaps                                     , 1.1.1-2.2
2025-08-05 16:51:32,installed,xcursor-themes,1.0.6-0ubuntu1
2025-08-05 16:51:32, installed, xcursor-themes                               , 1.0.6-0ubuntu1
2025-08-05 16:51:32,installed,xdg-utils,1.1.3-4.1ubuntu3
2025-08-05 16:51:32, installed, xdg-utils                                    , 1.1.3-4.1ubuntu3
2025-08-05 16:51:32,installed,yelp-xsl,42.1-2ubuntu0.24.04.1
2025-08-05 16:51:32, installed, yelp-xsl                                     , 42.1-2ubuntu0.24.04.1
2025-08-05 16:51:32,installed,zstd,1.5.5+dfsg2-2build1.1
2025-08-05 16:51:32, installed, zstd                                         , 1.5.5+dfsg2-2build1.1
2025-08-05 16:51:33,installed,alsa-base,1.0.25+dfsg-0ubuntu7
2025-08-05 16:51:33, installed, alsa-base                                    , 1.0.25+dfsg-0ubuntu7
2025-08-05 16:51:33,installed,bind9-libs,1:9.18.30-0ubuntu0.24.04.2
2025-08-05 16:51:33, installed, bind9-libs                                   , 1:9.18.30-0ubuntu0.24.04.2
2025-08-05 16:51:33,installed,dconf-cli,0.40.0-4build2
2025-08-05 16:51:33, installed, dconf-cli                                    , 0.40.0-4build2
2025-08-05 16:51:33,installed,dictionaries-common,1.29.7
2025-08-05 16:51:33, installed, dictionaries-common                          , 1.29.7
2025-08-05 16:51:33,installed,gpg-agent,2.4.4-2ubuntu17.3
2025-08-05 16:51:33, installed, gpg-agent                                    , 2.4.4-2ubuntu17.3
2025-08-05 16:51:33,installed,libatk1.0-0t64,2.52.0-1build1
2025-08-05 16:51:33, installed, libatk1.0-0t64                               , 2.52.0-1build1
2025-08-05 16:51:33,installed,libblockdev-mdraid3,3.1.1-1ubuntu0.1
2025-08-05 16:51:33, installed, libblockdev-mdraid3                          , 3.1.1-1ubuntu0.1
2025-08-05 16:51:33,installed,libcurl4t64,8.5.0-2ubuntu10.6
2025-08-05 16:51:33, installed, libcurl4t64                                  , 8.5.0-2ubuntu10.6
2025-08-05 16:51:33,installed,libglibmm-2.68-1t64,2.78.1-2.2build2
2025-08-05 16:51:33, installed, libglibmm-2.68-1t64                          , 2.78.1-2.2build2
2025-08-05 16:51:33,installed,libv4lconvert0t64,1.26.1-4build3
2025-08-05 16:51:33, installed, libv4lconvert0t64                            , 1.26.1-4build3
2025-08-05 16:51:33,installed,libwireplumber-0.4-0,0.4.17-1ubuntu4
2025-08-05 16:51:33, installed, libwireplumber-0.4-0                         , 0.4.17-1ubuntu4
2025-08-05 16:51:33,installed,libwoff1,1.0.2-2build1
2025-08-05 16:51:33, installed, libwoff1                                     , 1.0.2-2build1
2025-08-05 16:51:33,installed,libxpm4,1:3.5.17-1build2
2025-08-05 16:51:33, installed, libxpm4                                      , 1:3.5.17-1build2
2025-08-05 16:51:33,installed,libxrender1,1:0.9.10-1.1build1
2025-08-05 16:51:33, installed, libxrender1                                  , 1:0.9.10-1.1build1
2025-08-05 16:51:33,installed,nftables,1.0.9-1build1
2025-08-05 16:51:33, installed, nftables                                     , 1.0.9-1build1
2025-08-05 16:51:33,installed,numactl,2.0.18-1build1
2025-08-05 16:51:33, installed, numactl                                      , 2.0.18-1build1
2025-08-05 16:51:33,installed,printer-driver-foo2zjs-common,20200505dfsg0-2ubuntu6
2025-08-05 16:51:33, installed, printer-driver-foo2zjs-common                , 20200505dfsg0-2ubuntu6
2025-08-05 16:51:33,installed,telnet,0.17+2.5-3ubuntu4
2025-08-05 16:51:33, installed, telnet                                       , 0.17+2.5-3ubuntu4
2025-08-05 16:51:33,installed,wget,1.21.4-1ubuntu4.1
2025-08-05 16:51:33, installed, wget                                         , 1.21.4-1ubuntu4.1
2025-08-05 16:51:34,installed,alsa-ucm-conf,1.2.10-1ubuntu5.7
2025-08-05 16:51:34, installed, alsa-ucm-conf                                , 1.2.10-1ubuntu5.7
2025-08-05 16:51:34,installed,cpp-13-x86-64-linux-gnu,13.3.0-6ubuntu2~24.04
2025-08-05 16:51:34, installed, cpp-13-x86-64-linux-gnu                      , 13.3.0-6ubuntu2~24.04
2025-08-05 16:51:34,installed,fontconfig-config,2.15.0-1.1ubuntu2
2025-08-05 16:51:34, installed, fontconfig-config                            , 2.15.0-1.1ubuntu2
2025-08-05 16:51:34,installed,gir1.2-atk-1.0,2.52.0-1build1
2025-08-05 16:51:34, installed, gir1.2-atk-1.0                               , 2.52.0-1build1
2025-08-05 16:51:34,installed,gpgsm,2.4.4-2ubuntu17.3
2025-08-05 16:51:34, installed, gpgsm                                        , 2.4.4-2ubuntu17.3
2025-08-05 16:51:34,installed,libavahi-common3,0.8-13ubuntu6
2025-08-05 16:51:34, installed, libavahi-common3                             , 0.8-13ubuntu6
2025-08-05 16:51:34,installed,libblockdev-loop3,3.1.1-1ubuntu0.1
2025-08-05 16:51:34, installed, libblockdev-loop3                            , 3.1.1-1ubuntu0.1
2025-08-05 16:51:34,installed,libblockdev-swap3,3.1.1-1ubuntu0.1
2025-08-05 16:51:34, installed, libblockdev-swap3                            , 3.1.1-1ubuntu0.1
2025-08-05 16:51:34,installed,libdjvulibre21,3.5.28-2ubuntu0.24.04.1
2025-08-05 16:51:34, installed, libdjvulibre21                               , 3.5.28-2ubuntu0.24.04.1
2025-08-05 16:51:34,installed,libgnome-autoar-0-0,0.4.4-2build4
2025-08-05 16:51:34, installed, libgnome-autoar-0-0                          , 0.4.4-2build4
2025-08-05 16:51:34,installed,libjq1,1.7.1-3ubuntu0.24.04.1
2025-08-05 16:51:34, installed, libjq1                                       , 1.7.1-3ubuntu0.24.04.1
2025-08-05 16:51:34,installed,libmanette-0.2-0,0.2.7-1build2
2025-08-05 16:51:34, installed, libmanette-0.2-0                             , 0.2.7-1build2
2025-08-05 16:51:34,installed,libopencc1.1,1.1.7+ds1-1build1
2025-08-05 16:51:34, installed, libopencc1.1                                 , 1.1.7+ds1-1build1
2025-08-05 16:51:34,installed,libroc0.3,0.3.0+dfsg-7ubuntu2
2025-08-05 16:51:34, installed, libroc0.3                                    , 0.3.0+dfsg-7ubuntu2
2025-08-05 16:51:34,installed,libwacom9,2.10.0-2
2025-08-05 16:51:34, installed, libwacom9                                    , 2.10.0-2
2025-08-05 16:51:34,installed,libwebpdemux2,1.3.2-0.4build3
2025-08-05 16:51:34, installed, libwebpdemux2                                , 1.3.2-0.4build3
2025-08-05 16:51:34,installed,power-profiles-daemon,0.21-1ubuntu1
2025-08-05 16:51:34, installed, power-profiles-daemon                        , 0.21-1ubuntu1
2025-08-05 16:51:34,installed,python3-babel,2.10.3-3build1
2025-08-05 16:51:34, installed, python3-babel                                , 2.10.3-3build1
2025-08-05 16:51:34,installed,python3-jsonpatch,1.32-3
2025-08-05 16:51:34, installed, python3-jsonpatch                            , 1.32-3
2025-08-05 16:51:34,installed,python3-speechd,0.12.0~rc2-2build3
2025-08-05 16:51:34, installed, python3-speechd                              , 0.12.0~rc2-2build3
2025-08-05 16:51:34,installed,upower,1.90.3-1
2025-08-05 16:51:34, installed, upower                                       , 1.90.3-1
2025-08-05 16:51:34,installed,wireless-tools,30~pre9-16.1ubuntu2
2025-08-05 16:51:34, installed, wireless-tools                               , 30~pre9-16.1ubuntu2
2025-08-05 16:51:35,installed,bluez-obexd,5.72-0ubuntu5.3
2025-08-05 16:51:35, installed, bluez-obexd                                  , 5.72-0ubuntu5.3
2025-08-05 16:51:35,installed,dconf-service,0.40.0-4build2
2025-08-05 16:51:35, installed, dconf-service                                , 0.40.0-4build2
2025-08-05 16:51:35,installed,gir1.2-accountsservice-1.0,23.13.9-2ubuntu6
2025-08-05 16:51:35, installed, gir1.2-accountsservice-1.0                   , 23.13.9-2ubuntu6
2025-08-05 16:51:35,installed,hplip-data,3.23.12+dfsg0-0ubuntu5
2025-08-05 16:51:35, installed, hplip-data                                   , 3.23.12+dfsg0-0ubuntu5
2025-08-05 16:51:35,installed,ldap-utils,2.6.7+dfsg-1~exp1ubuntu8.2
2025-08-05 16:51:35, installed, ldap-utils                                   , 2.6.7+dfsg-1~exp1ubuntu8.2
2025-08-05 16:51:35,installed,libappstream5,1.0.2-1build6
2025-08-05 16:51:35, installed, libappstream5                                , 1.0.2-1build6
2025-08-05 16:51:35,installed,libblockdev3,3.1.1-1ubuntu0.1
2025-08-05 16:51:35, installed, libblockdev3                                 , 3.1.1-1ubuntu0.1
2025-08-05 16:51:35,installed,libcurl3t64-gnutls,8.5.0-2ubuntu10.6
2025-08-05 16:51:35, installed, libcurl3t64-gnutls                           , 8.5.0-2ubuntu10.6
2025-08-05 16:51:35,installed,libgnome-bluetooth-3.0-13,46.0-1ubuntu1
2025-08-05 16:51:35, installed, libgnome-bluetooth-3.0-13                    , 46.0-1ubuntu1
2025-08-05 16:51:35,installed,libmbim-proxy,1.31.2-0ubuntu3
2025-08-05 16:51:35, installed, libmbim-proxy                                , 1.31.2-0ubuntu3
2025-08-05 16:51:35,installed,libnss3,2:3.98-1build1
2025-08-05 16:51:35, installed, libnss3                                      , 2:3.98-1build1
2025-08-05 16:51:35,installed,libparted2t64,3.6-4build1
2025-08-05 16:51:35, installed, libparted2t64                                , 3.6-4build1
2025-08-05 16:51:35,installed,libpinyin15,2.8.1-1build3
2025-08-05 16:51:35, installed, libpinyin15                                  , 2.8.1-1build3
2025-08-05 16:51:35,installed,libqpdf29t64,11.9.0-1.1build1
2025-08-05 16:51:35, installed, libqpdf29t64                                 , 11.9.0-1.1build1
2025-08-05 16:51:35,installed,libsource-highlight4t64,3.1.9-4.3build1
2025-08-05 16:51:35, installed, libsource-highlight4t64                      , 3.1.9-4.3build1
2025-08-05 16:51:35,installed,libsss-certmap0,2.9.4-1.1ubuntu6.2
2025-08-05 16:51:35, installed, libsss-certmap0                              , 2.9.4-1.1ubuntu6.2
2025-08-05 16:51:35,installed,libxext6,2:1.3.4-1build2
2025-08-05 16:51:35, installed, libxext6                                     , 2:1.3.4-1build2
2025-08-05 16:51:35,installed,libxvmc1,2:1.0.12-2build3
2025-08-05 16:51:35, installed, libxvmc1                                     , 2:1.0.12-2build3
2025-08-05 16:51:35,installed,openprinting-ppds,20230202-1
2025-08-05 16:51:35, installed, openprinting-ppds                            , 20230202-1
2025-08-05 16:51:35,installed,secureboot-db,1.9build1
2025-08-05 16:51:35, installed, secureboot-db                                , 1.9build1
2025-08-05 16:51:35,installed,usbutils,1:017-3build1
2025-08-05 16:51:35, installed, usbutils                                     , 1:017-3build1
2025-08-05 16:51:35,installed,whoopsie-preferences,23build3
2025-08-05 16:51:35, installed, whoopsie-preferences                         , 23build3
2025-08-05 16:51:36,installed,alsa-utils,1.2.9-1ubuntu5
2025-08-05 16:51:36, installed, alsa-utils                                   , 1.2.9-1ubuntu5
2025-08-05 16:51:36,installed,bluez,5.72-0ubuntu5.3
2025-08-05 16:51:36, installed, bluez                                        , 5.72-0ubuntu5.3
2025-08-05 16:51:36,installed,cracklib-runtime,2.9.6-5.1build2
2025-08-05 16:51:36, installed, cracklib-runtime                             , 2.9.6-5.1build2
2025-08-05 16:51:36,installed,dirmngr,2.4.4-2ubuntu17.3
2025-08-05 16:51:36, installed, dirmngr                                      , 2.4.4-2ubuntu17.3
2025-08-05 16:51:36,installed,libblockdev-part3,3.1.1-1ubuntu0.1
2025-08-05 16:51:36, installed, libblockdev-part3                            , 3.1.1-1ubuntu0.1
2025-08-05 16:51:36,installed,libftdi1-2,1.5-6build5
2025-08-05 16:51:36, installed, libftdi1-2                                   , 1.5-6build5
2025-08-05 16:51:36,installed,libinput-bin,1.25.0-1ubuntu3.1
2025-08-05 16:51:36, installed, libinput-bin                                 , 1.25.0-1ubuntu3.1
2025-08-05 16:51:36,installed,libjson-glib-1.0-0,1.8.0-2build2
2025-08-05 16:51:36, installed, libjson-glib-1.0-0                           , 1.8.0-2build2
2025-08-05 16:51:36,installed,libnl-route-3-200,3.7.0-0.3build1.1
2025-08-05 16:51:36, installed, libnl-route-3-200                            , 3.7.0-0.3build1.1
2025-08-05 16:51:36,installed,libphonenumber8,8.12.57+ds-4.2build3
2025-08-05 16:51:36, installed, libphonenumber8                              , 8.12.57+ds-4.2build3
2025-08-05 16:51:36,installed,libthai0,0.1.29-2build1
2025-08-05 16:51:36, installed, libthai0                                     , 0.1.29-2build1
2025-08-05 16:51:36,installed,libtss2-tctildr0t64,4.0.1-7.1ubuntu5.1
2025-08-05 16:51:36, installed, libtss2-tctildr0t64                          , 4.0.1-7.1ubuntu5.1
2025-08-05 16:51:36,installed,libvorbisfile3,1.3.7-1build3
2025-08-05 16:51:36, installed, libvorbisfile3                               , 1.3.7-1build3
2025-08-05 16:51:36,installed,libxxf86vm1,1:1.1.4-1build4
2025-08-05 16:51:36, installed, libxxf86vm1                                  , 1:1.1.4-1build4
2025-08-05 16:51:36,installed,xcvt,0.1.2-1build1
2025-08-05 16:51:36, installed, xcvt                                         , 0.1.2-1build1
2025-08-05 16:51:37,installed,appstream,1.0.2-1build6
2025-08-05 16:51:37, installed, appstream                                    , 1.0.2-1build6
2025-08-05 16:51:37,installed,command-not-found,23.04.0
2025-08-05 16:51:37, installed, command-not-found                            , 23.04.0
2025-08-05 16:51:37,installed,gir1.2-gcr-4,4.2.0-5
2025-08-05 16:51:37, installed, gir1.2-gcr-4                                 , 4.2.0-5
2025-08-05 16:51:37,installed,gir1.2-secret-1,0.21.4-1build3
2025-08-05 16:51:37, installed, gir1.2-secret-1                              , 0.21.4-1build3
2025-08-05 16:51:37,installed,libdata-dump-perl,1.25-1
2025-08-05 16:51:37, installed, libdata-dump-perl                            , 1.25-1
2025-08-05 16:51:37,installed,libflashrom1,1.3.0-2.1ubuntu2
2025-08-05 16:51:37, installed, libflashrom1                                 , 1.3.0-2.1ubuntu2
2025-08-05 16:51:37,installed,libfreetype6,2.13.2+dfsg-1build3
2025-08-05 16:51:37, installed, libfreetype6                                 , 2.13.2+dfsg-1build3
2025-08-05 16:51:37,installed,libipc-system-simple-perl,1.30-2
2025-08-05 16:51:37, installed, libipc-system-simple-perl                    , 1.30-2
2025-08-05 16:51:37,installed,libjavascriptcoregtk-4.1-0,2.48.3-0ubuntu0.24.04.1
2025-08-05 16:51:37, installed, libjavascriptcoregtk-4.1-0                   , 2.48.3-0ubuntu0.24.04.1
2025-08-05 16:51:37,installed,libjavascriptcoregtk-6.0-1,2.48.3-0ubuntu0.24.04.1
2025-08-05 16:51:37, installed, libjavascriptcoregtk-6.0-1                   , 2.48.3-0ubuntu0.24.04.1
2025-08-05 16:51:37,installed,libpwquality1,1.4.5-3build1
2025-08-05 16:51:37, installed, libpwquality1                                , 1.4.5-3build1
2025-08-05 16:51:37,installed,libsecret-1-0,0.21.4-1build3
2025-08-05 16:51:37, installed, libsecret-1-0                                , 0.21.4-1build3
2025-08-05 16:51:37,installed,libxfixes3,1:6.0.0-2build1
2025-08-05 16:51:37, installed, libxfixes3                                   , 1:6.0.0-2build1
2025-08-05 16:51:37,installed,libxkbregistry0,1.6.0-1build1
2025-08-05 16:51:37, installed, libxkbregistry0                              , 1.6.0-1build1
2025-08-05 16:51:37,installed,libxml-xpathengine-perl,0.14-2
2025-08-05 16:51:37, installed, libxml-xpathengine-perl                      , 0.14-2
2025-08-05 16:51:37,installed,mtr-tiny,0.95-1.1ubuntu0.1
2025-08-05 16:51:37, installed, mtr-tiny                                     , 0.95-1.1ubuntu0.1
2025-08-05 16:51:37,installed,perl,5.38.2-3.2ubuntu0.2
2025-08-05 16:51:37, installed, perl                                         , 5.38.2-3.2ubuntu0.2
2025-08-05 16:51:37,installed,python3-jsonschema,4.10.3-2ubuntu1
2025-08-05 16:51:37, installed, python3-jsonschema                           , 4.10.3-2ubuntu1
2025-08-05 16:51:37,installed,python3-louis,3.29.0-1build1
2025-08-05 16:51:37, installed, python3-louis                                , 3.29.0-1build1
2025-08-05 16:51:37,installed,python3-oauthlib,3.2.2-1
2025-08-05 16:51:37, installed, python3-oauthlib                             , 3.2.2-1
2025-08-05 16:51:37,installed,unattended-upgrades,2.9.1+nmu4ubuntu1
2025-08-05 16:51:37, installed, unattended-upgrades                          , 2.9.1+nmu4ubuntu1
2025-08-05 16:51:38,installed,aspell,0.60.8.1-1build1
2025-08-05 16:51:38, installed, aspell                                       , 0.60.8.1-1build1
2025-08-05 16:51:38,installed,ftp,20230507-2build3
2025-08-05 16:51:38, installed, ftp                                          , 20230507-2build3
2025-08-05 16:51:38,installed,gir1.2-gnomeautoar-0.1,0.4.4-2build4
2025-08-05 16:51:38, installed, gir1.2-gnomeautoar-0.1                       , 0.4.4-2build4
2025-08-05 16:51:38,installed,groff-base,1.23.0-3build2
2025-08-05 16:51:38, installed, groff-base                                   , 1.23.0-3build2
2025-08-05 16:51:38,installed,gstreamer1.0-tools,1.24.2-1ubuntu0.1
2025-08-05 16:51:38, installed, gstreamer1.0-tools                           , 1.24.2-1ubuntu0.1
2025-08-05 16:51:38,installed,kerneloops,0.12+git20140509-6ubuntu8
2025-08-05 16:51:38, installed, kerneloops                                   , 0.12+git20140509-6ubuntu8
2025-08-05 16:51:38,installed,keyboxd,2.4.4-2ubuntu17.3
2025-08-05 16:51:38, installed, keyboxd                                      , 2.4.4-2ubuntu17.3
2025-08-05 16:51:38,installed,libdrm2,2.4.122-1~ubuntu0.24.04.1
2025-08-05 16:51:38, installed, libdrm2                                      , 2.4.122-1~ubuntu0.24.04.1
2025-08-05 16:51:38,installed,libio-html-perl,1.004-3
2025-08-05 16:51:38, installed, libio-html-perl                              , 1.004-3
2025-08-05 16:51:38,installed,liblouisutdml9t64,2.12.0-3.1build1
2025-08-05 16:51:38, installed, liblouisutdml9t64                            , 2.12.0-3.1build1
2025-08-05 16:51:38,installed,libmtp9t64,1.1.21-3.1build1
2025-08-05 16:51:38, installed, libmtp9t64                                   , 1.1.21-3.1build1
2025-08-05 16:51:38,installed,libnetfilter-conntrack3,1.0.9-6build1
2025-08-05 16:51:38, installed, libnetfilter-conntrack3                      , 1.0.9-6build1
2025-08-05 16:51:38,installed,libplymouth5,24.004.60-1ubuntu7.1
2025-08-05 16:51:38, installed, libplymouth5                                 , 24.004.60-1ubuntu7.1
2025-08-05 16:51:38,installed,libtiff6,4.5.1+git230720-4ubuntu2.2
2025-08-05 16:51:38, installed, libtiff6                                     , 4.5.1+git230720-4ubuntu2.2
2025-08-05 16:51:38,installed,libtimedate-perl,2.3300-2
2025-08-05 16:51:38, installed, libtimedate-perl                             , 2.3300-2
2025-08-05 16:51:38,installed,libtotem-plparser18,3.26.6-1build5
2025-08-05 16:51:38, installed, libtotem-plparser18                          , 3.26.6-1build5
2025-08-05 16:51:38,installed,libtraceevent1-plugin,1:1.8.2-1ubuntu2.1
2025-08-05 16:51:38, installed, libtraceevent1-plugin                        , 1:1.8.2-1ubuntu2.1
2025-08-05 16:51:38,installed,libtracefs1,1.8.0-1ubuntu1
2025-08-05 16:51:38, installed, libtracefs1                                  , 1.8.0-1ubuntu1
2025-08-05 16:51:38,installed,libtss2-esys-3.0.2-0t64,4.0.1-7.1ubuntu5.1
2025-08-05 16:51:38, installed, libtss2-esys-3.0.2-0t64                      , 4.0.1-7.1ubuntu5.1
2025-08-05 16:51:38,installed,libv4l-0t64,1.26.1-4build3
2025-08-05 16:51:38, installed, libv4l-0t64                                  , 1.26.1-4build3
2025-08-05 16:51:38,installed,libwayland-cursor0,1.22.0-2.1build1
2025-08-05 16:51:38, installed, libwayland-cursor0                           , 1.22.0-2.1build1
2025-08-05 16:51:38,installed,libxinerama1,2:1.1.4-3build1
2025-08-05 16:51:38, installed, libxinerama1                                 , 2:1.1.4-3build1
2025-08-05 16:51:38,installed,libxkbcommon-x11-0,1.6.0-1build1
2025-08-05 16:51:38, installed, libxkbcommon-x11-0                           , 1.6.0-1build1
2025-08-05 16:51:38,installed,libxrandr2,2:1.5.2-2build1
2025-08-05 16:51:38, installed, libxrandr2                                   , 2:1.5.2-2build1
2025-08-05 16:51:38,installed,libxv1,2:1.0.11-1.1build1
2025-08-05 16:51:38, installed, libxv1                                       , 2:1.0.11-1.1build1
2025-08-05 16:51:38,installed,pciutils,1:3.10.0-2build1
2025-08-05 16:51:38, installed, pciutils                                     , 1:3.10.0-2build1
2025-08-05 16:51:38,installed,python3-brlapi,6.6-4ubuntu5
2025-08-05 16:51:38, installed, python3-brlapi                               , 6.6-4ubuntu5
2025-08-05 16:51:38,installed,python3-debian,0.1.49ubuntu2
2025-08-05 16:51:38, installed, python3-debian                               , 0.1.49ubuntu2
2025-08-05 16:51:38,installed,python3-pexpect,4.9-2
2025-08-05 16:51:38, installed, python3-pexpect                              , 4.9-2
2025-08-05 16:51:38,installed,python3-requests,2.31.0+dfsg-1ubuntu1.1
2025-08-05 16:51:38, installed, python3-requests                             , 2.31.0+dfsg-1ubuntu1.1
2025-08-05 16:51:38,installed,usbmuxd,1.1.1-5~exp3ubuntu2
2025-08-05 16:51:38, installed, usbmuxd                                      , 1.1.1-5~exp3ubuntu2
2025-08-05 16:51:38,installed,xauth,1:1.1.2-1build1
2025-08-05 16:51:38, installed, xauth                                        , 1:1.1.2-1build1
2025-08-05 16:51:39,installed,accountsservice,23.13.9-2ubuntu6
2025-08-05 16:51:39, installed, accountsservice                              , 23.13.9-2ubuntu6
2025-08-05 16:51:39,installed,apt-config-icons,1.0.2-1build6
2025-08-05 16:51:39, installed, apt-config-icons                             , 1.0.2-1build6
2025-08-05 16:51:39,installed,bind9-host,1:9.18.30-0ubuntu0.24.04.2
2025-08-05 16:51:39, installed, bind9-host                                   , 1:9.18.30-0ubuntu0.24.04.2
2025-08-05 16:51:39,installed,cpp-x86-64-linux-gnu,4:13.2.0-7ubuntu1
2025-08-05 16:51:39, installed, cpp-x86-64-linux-gnu                         , 4:13.2.0-7ubuntu1
2025-08-05 16:51:39,installed,gir1.2-gnomebluetooth-3.0,46.0-1ubuntu1
2025-08-05 16:51:39, installed, gir1.2-gnomebluetooth-3.0                    , 46.0-1ubuntu1
2025-08-05 16:51:39,installed,gir1.2-upowerglib-1.0,1.90.3-1
2025-08-05 16:51:39, installed, gir1.2-upowerglib-1.0                        , 1.90.3-1
2025-08-05 16:51:39,installed,gnupg,2.4.4-2ubuntu17.3
2025-08-05 16:51:39, installed, gnupg                                        , 2.4.4-2ubuntu17.3
2025-08-05 16:51:39,installed,gtk-update-icon-cache,3.24.41-4ubuntu1.3
2025-08-05 16:51:39, installed, gtk-update-icon-cache                        , 3.24.41-4ubuntu1.3
2025-08-05 16:51:39,installed,hunspell-en-us,1:2020.12.07-2
2025-08-05 16:51:39, installed, hunspell-en-us                               , 1:2020.12.07-2
2025-08-05 16:51:39,installed,initramfs-tools-core,0.142ubuntu25.5
2025-08-05 16:51:39, installed, initramfs-tools-core                         , 0.142ubuntu25.5
2025-08-05 16:51:39,installed,jq,1.7.1-3ubuntu0.24.04.1
2025-08-05 16:51:39, installed, jq                                           , 1.7.1-3ubuntu0.24.04.1
2025-08-05 16:51:39,installed,libavahi-client3,0.8-13ubuntu6
2025-08-05 16:51:39, installed, libavahi-client3                             , 0.8-13ubuntu6
2025-08-05 16:51:39,installed,libavahi-core7,0.8-13ubuntu6
2025-08-05 16:51:39, installed, libavahi-core7                               , 0.8-13ubuntu6
2025-08-05 16:51:39,installed,libavahi-glib1,0.8-13ubuntu6
2025-08-05 16:51:39, installed, libavahi-glib1                               , 0.8-13ubuntu6
2025-08-05 16:51:39,installed,libcamel-1.2-64t64,3.52.3-0ubuntu1
2025-08-05 16:51:39, installed, libcamel-1.2-64t64                           , 3.52.3-0ubuntu1
2025-08-05 16:51:39,installed,libdebuginfod1t64,0.190-1.1ubuntu0.1
2025-08-05 16:51:39, installed, libdebuginfod1t64                            , 0.190-1.1ubuntu0.1
2025-08-05 16:51:39,installed,libdecor-0-0,0.2.2-1build2
2025-08-05 16:51:39, installed, libdecor-0-0                                 , 0.2.2-1build2
2025-08-05 16:51:39,installed,libdrm-amdgpu1,2.4.122-1~ubuntu0.24.04.1
2025-08-05 16:51:39, installed, libdrm-amdgpu1                               , 2.4.122-1~ubuntu0.24.04.1
2025-08-05 16:51:39,installed,libfontconfig1,2.15.0-1.1ubuntu2
2025-08-05 16:51:39, installed, libfontconfig1                               , 2.15.0-1.1ubuntu2
2025-08-05 16:51:39,installed,libgdk-pixbuf-2.0-0,2.42.10+dfsg-3ubuntu3.2
2025-08-05 16:51:39, installed, libgdk-pixbuf-2.0-0                          , 2.42.10+dfsg-3ubuntu3.2
2025-08-05 16:51:39,installed,libgpgme11t64,1.18.0-4.1ubuntu4
2025-08-05 16:51:39, installed, libgpgme11t64                                , 1.18.0-4.1ubuntu4
2025-08-05 16:51:39,installed,libgphoto2-port12t64,2.5.31-2.1build2
2025-08-05 16:51:39, installed, libgphoto2-port12t64                         , 2.5.31-2.1build2
2025-08-05 16:51:39,installed,libharfbuzz0b,8.3.0-2build2
2025-08-05 16:51:39, installed, libharfbuzz0b                                , 8.3.0-2build2
2025-08-05 16:51:39,installed,libhttp-date-perl,6.06-1
2025-08-05 16:51:39, installed, libhttp-date-perl                            , 6.06-1
2025-08-05 16:51:39,installed,libinput10,1.25.0-1ubuntu3.1
2025-08-05 16:51:39, installed, libinput10                                   , 1.25.0-1ubuntu3.1
2025-08-05 16:51:39,installed,liblcms2-utils,2.14-2build1
2025-08-05 16:51:39, installed, liblcms2-utils                               , 2.14-2build1
2025-08-05 16:51:39,installed,libldb2,2:2.8.0+samba4.19.5+dfsg-4ubuntu9.2
2025-08-05 16:51:39, installed, libldb2                                      , 2:2.8.0+samba4.19.5+dfsg-4ubuntu9.2
2025-08-05 16:51:39,installed,libmbim-utils,1.31.2-0ubuntu3
2025-08-05 16:51:39, installed, libmbim-utils                                , 1.31.2-0ubuntu3
2025-08-05 16:51:39,installed,libmtp-runtime,1.1.21-3.1build1
2025-08-05 16:51:39, installed, libmtp-runtime                               , 1.1.21-3.1build1
2025-08-05 16:51:39,installed,libnet-ssleay-perl,1.94-1build4
2025-08-05 16:51:39, installed, libnet-ssleay-perl                           , 1.94-1build4
2025-08-05 16:51:39,installed,libnl-genl-3-200,3.7.0-0.3build1.1
2025-08-05 16:51:39, installed, libnl-genl-3-200                             , 3.7.0-0.3build1.1
2025-08-05 16:51:39,installed,libotf1,0.9.16-4build2
2025-08-05 16:51:39, installed, libotf1                                      , 0.9.16-4build2
2025-08-05 16:51:39,installed,libpolkit-agent-1-0,124-2ubuntu1.24.04.2
2025-08-05 16:51:39, installed, libpolkit-agent-1-0                          , 124-2ubuntu1.24.04.2
2025-08-05 16:51:39,installed,libsm6,2:1.2.3-1build3
2025-08-05 16:51:39, installed, libsm6                                       , 2:1.2.3-1build3
2025-08-05 16:51:39,installed,libsndfile1,1.2.2-1ubuntu5.24.04.1
2025-08-05 16:51:39, installed, libsndfile1                                  , 1.2.2-1ubuntu5.24.04.1
2025-08-05 16:51:39,installed,libspa-0.2-bluetooth,1.0.5-1ubuntu3.1
2025-08-05 16:51:39, installed, libspa-0.2-bluetooth                         , 1.0.5-1ubuntu3.1
2025-08-05 16:51:39,installed,libstartup-notification0,0.12-6build3
2025-08-05 16:51:39, installed, libstartup-notification0                     , 0.12-6build3
2025-08-05 16:51:39,installed,liburi-perl,5.27-1
2025-08-05 16:51:39, installed, liburi-perl                                  , 5.27-1
2025-08-05 16:51:39,installed,libvolume-key1,0.3.12-7build2
2025-08-05 16:51:39, installed, libvolume-key1                               , 0.3.12-7build2
2025-08-05 16:51:39,installed,libx11-protocol-perl,0.56-9
2025-08-05 16:51:39, installed, libx11-protocol-perl                         , 0.56-9
2025-08-05 16:51:39,installed,libxfont2,1:2.0.6-1build1
2025-08-05 16:51:39, installed, libxfont2                                    , 1:2.0.6-1build1
2025-08-05 16:51:39,installed,libxres1,2:1.2.1-1build1
2025-08-05 16:51:39, installed, libxres1                                     , 2:1.2.1-1build1
2025-08-05 16:51:39,installed,libxss1,1:1.2.3-1build3
2025-08-05 16:51:39, installed, libxss1                                      , 1:1.2.3-1build3
2025-08-05 16:51:39,installed,mesa-vulkan-drivers,25.0.7-0ubuntu0.24.04.1
2025-08-05 16:51:39, installed, mesa-vulkan-drivers                          , 25.0.7-0ubuntu0.24.04.1
2025-08-05 16:51:39,installed,python3-ibus-1.0,1.5.29-2
2025-08-05 16:51:39, installed, python3-ibus-1.0                             , 1.5.29-2
2025-08-05 16:51:39,installed,python3-lazr.restfulclient,0.14.6-1
2025-08-05 16:51:39, installed, python3-lazr.restfulclient                   , 0.14.6-1
2025-08-05 16:51:39,installed,switcheroo-control,2.6-2build2
2025-08-05 16:51:39, installed, switcheroo-control                           , 2.6-2build2
2025-08-05 16:51:39,installed,tcl,8.6.14build1
2025-08-05 16:51:39, installed, tcl                                          , 8.6.14build1
2025-08-05 16:51:39,installed,ubuntu-advantage-desktop-daemon,1.11ubuntu0.1
2025-08-05 16:51:39, installed, ubuntu-advantage-desktop-daemon              , 1.11ubuntu0.1
2025-08-05 16:51:39,installed,usb-modeswitch,2.6.1-3ubuntu3
2025-08-05 16:51:39, installed, usb-modeswitch                               , 2.6.1-3ubuntu3
2025-08-05 16:51:39,installed,xinit,1.4.1-0ubuntu5
2025-08-05 16:51:39, installed, xinit                                        , 1.4.1-0ubuntu5
2025-08-05 16:51:40,installed,libibverbs1,50.0-2ubuntu0.2
2025-08-05 16:51:40, installed, libibverbs1                                  , 50.0-2ubuntu0.2
2025-08-05 16:51:43,installed,fontconfig,2.15.0-1.1ubuntu2
2025-08-05 16:51:43, installed, fontconfig                                   , 2.15.0-1.1ubuntu2
2025-08-05 16:51:43,installed,libcanberra0t64,0.30-10ubuntu10
2025-08-05 16:51:43, installed, libcanberra0t64                              , 0.30-10ubuntu10
2025-08-05 16:51:43,installed,libdrm-nouveau2,2.4.122-1~ubuntu0.24.04.1
2025-08-05 16:51:43, installed, libdrm-nouveau2                              , 2.4.122-1~ubuntu0.24.04.1
2025-08-05 16:51:43,installed,libfile-basedir-perl,0.09-2
2025-08-05 16:51:43, installed, libfile-basedir-perl                         , 0.09-2
2025-08-05 16:51:43,installed,libharfbuzz-icu0,8.3.0-2build2
2025-08-05 16:51:43, installed, libharfbuzz-icu0                             , 8.3.0-2build2
2025-08-05 16:51:43,installed,libproxy1v5,0.5.4-4build1
2025-08-05 16:51:43, installed, libproxy1v5                                  , 0.5.4-4build1
2025-08-05 16:51:43,installed,libtie-ixhash-perl,1.23-4
2025-08-05 16:51:43, installed, libtie-ixhash-perl                           , 1.23-4
2025-08-05 16:51:43,installed,libxft2,2.3.6-1build1
2025-08-05 16:51:43, installed, libxft2                                      , 2.3.6-1build1
2025-08-05 16:51:43,installed,xdg-desktop-portal,1.18.4-1ubuntu2.24.04.1
2025-08-05 16:51:43, installed, xdg-desktop-portal                           , 1.18.4-1ubuntu2.24.04.1
2025-08-05 16:51:44,installed,cloud-init,25.1.4-0ubuntu0~24.04.1
2025-08-05 16:51:44, installed, cloud-init                                   , 25.1.4-0ubuntu0~24.04.1
2025-08-05 16:51:44,installed,libfile-listing-perl,6.16-1
2025-08-05 16:51:44, installed, libfile-listing-perl                         , 6.16-1
2025-08-05 16:51:45,installed,cpp-13,13.3.0-6ubuntu2~24.04
2025-08-05 16:51:45, installed, cpp-13                                       , 13.3.0-6ubuntu2~24.04
2025-08-05 16:51:45,installed,dconf-gsettings-backend,0.40.0-4build2
2025-08-05 16:51:45, installed, dconf-gsettings-backend                      , 0.40.0-4build2
2025-08-05 16:51:45,installed,gir1.2-gdkpixbuf-2.0,2.42.10+dfsg-3ubuntu3.2
2025-08-05 16:51:45, installed, gir1.2-gdkpixbuf-2.0                         , 2.42.10+dfsg-3ubuntu3.2
2025-08-05 16:51:45,installed,gpg-wks-client,2.4.4-2ubuntu17.3
2025-08-05 16:51:45, installed, gpg-wks-client                               , 2.4.4-2ubuntu17.3
2025-08-05 16:51:45,installed,ibverbs-providers,50.0-2ubuntu0.2
2025-08-05 16:51:45, installed, ibverbs-providers                            , 50.0-2ubuntu0.2
2025-08-05 16:51:45,installed,initramfs-tools,0.142ubuntu25.5
2025-08-05 16:51:45, installed, initramfs-tools                              , 0.142ubuntu25.5
2025-08-05 16:51:45,installed,iptables,1.8.10-3ubuntu2
2025-08-05 16:51:45, installed, iptables                                     , 1.8.10-3ubuntu2
2025-08-05 16:51:45,installed,libauthen-sasl-perl,2.1700-1
2025-08-05 16:51:45, installed, libauthen-sasl-perl                          , 2.1700-1
2025-08-05 16:51:45,installed,libblockdev-crypto3,3.1.1-1ubuntu0.1
2025-08-05 16:51:45, installed, libblockdev-crypto3                          , 3.1.1-1ubuntu0.1
2025-08-05 16:51:45,installed,libclone-perl,0.46-1build3
2025-08-05 16:51:45, installed, libclone-perl                                , 0.46-1build3
2025-08-05 16:51:45,installed,libdrm-radeon1,2.4.122-1~ubuntu0.24.04.1
2025-08-05 16:51:45, installed, libdrm-radeon1                               , 2.4.122-1~ubuntu0.24.04.1
2025-08-05 16:51:45,installed,libenchant-2-2,2.3.3-2build2
2025-08-05 16:51:45, installed, libenchant-2-2                               , 2.3.3-2build2
2025-08-05 16:51:45,installed,libfont-afm-perl,1.20-4
2025-08-05 16:51:45, installed, libfont-afm-perl                             , 1.20-4
2025-08-05 16:51:45,installed,libfprint-2-tod1,1:1.94.7+tod1-0ubuntu5~24.04.4
2025-08-05 16:51:45, installed, libfprint-2-tod1                             , 1:1.94.7+tod1-0ubuntu5~24.04.4
2025-08-05 16:51:45,installed,libgusb2,0.4.8-1build2
2025-08-05 16:51:45, installed, libgusb2                                     , 0.4.8-1build2
2025-08-05 16:51:45,installed,libhtml-tagset-perl,3.20-6
2025-08-05 16:51:45, installed, libhtml-tagset-perl                          , 3.20-6
2025-08-05 16:51:45,installed,libio-stringy-perl,2.111-3
2025-08-05 16:51:45, installed, libio-stringy-perl                           , 2.111-3
2025-08-05 16:51:45,installed,libpoppler134,24.02.0-1ubuntu9.5
2025-08-05 16:51:45, installed, libpoppler134                                , 24.02.0-1ubuntu9.5
2025-08-05 16:51:45,installed,libpulse0,1:16.1+dfsg1-2ubuntu10.1
2025-08-05 16:51:45, installed, libpulse0                                    , 1:16.1+dfsg1-2ubuntu10.1
2025-08-05 16:51:45,installed,libxi6,2:1.8.1-1build1
2025-08-05 16:51:45, installed, libxi6                                       , 2:1.8.1-1build1
2025-08-05 16:51:45,installed,libxtst6,2:1.2.3-1.1build1
2025-08-05 16:51:45, installed, libxtst6                                     , 2:1.2.3-1.1build1
2025-08-05 16:51:45,installed,openvpn,2.6.14-0ubuntu0.24.04.1
2025-08-05 16:51:45, installed, openvpn                                      , 2.6.14-0ubuntu0.24.04.1
2025-08-05 16:51:45,installed,plymouth,24.004.60-1ubuntu7.1
2025-08-05 16:51:45, installed, plymouth                                     , 24.004.60-1ubuntu7.1
2025-08-05 16:51:45,installed,sane-airscan,0.99.29-0ubuntu4
2025-08-05 16:51:45, installed, sane-airscan                                 , 0.99.29-0ubuntu4
2025-08-05 16:51:45,installed,ubuntu-drivers-common,1:0.9.7.6ubuntu3.2
2025-08-05 16:51:45, installed, ubuntu-drivers-common                        , 1:0.9.7.6ubuntu3.2
2025-08-05 16:51:45,installed,whoopsie,0.2.77build3
2025-08-05 16:51:45, installed, whoopsie                                     , 0.2.77build3
2025-08-05 16:51:46,installed,aspell-en,2020.12.07-0-1
2025-08-05 16:51:46, installed, aspell-en                                    , 2020.12.07-0-1
2025-08-05 16:51:46,installed,enchant-2,2.3.3-2build2
2025-08-05 16:51:46, installed, enchant-2                                    , 2.3.3-2build2
2025-08-05 16:51:46,installed,gir1.2-javascriptcoregtk-6.0,2.48.3-0ubuntu0.24.04.1
2025-08-05 16:51:46, installed, gir1.2-javascriptcoregtk-6.0                 , 2.48.3-0ubuntu0.24.04.1
2025-08-05 16:51:46,installed,libcolorhug2,1.4.7-1build2
2025-08-05 16:51:46, installed, libcolorhug2                                 , 1.4.7-1build2
2025-08-05 16:51:46,installed,libdrm-intel1,2.4.122-1~ubuntu0.24.04.1
2025-08-05 16:51:46, installed, libdrm-intel1                                , 2.4.122-1~ubuntu0.24.04.1
2025-08-05 16:51:46,installed,libencode-locale-perl,1.05-3
2025-08-05 16:51:46, installed, libencode-locale-perl                        , 1.05-3
2025-08-05 16:51:46,installed,libgsound0t64,1.0.3-3.2build2
2025-08-05 16:51:46, installed, libgsound0t64                                , 1.0.3-3.2build2
2025-08-05 16:51:46,installed,libgstreamer-plugins-base1.0-0,1.24.2-1ubuntu0.2
2025-08-05 16:51:46, installed, libgstreamer-plugins-base1.0-0               , 1.24.2-1ubuntu0.2
2025-08-05 16:51:46,installed,liblwp-mediatypes-perl,6.04-2
2025-08-05 16:51:46, installed, liblwp-mediatypes-perl                       , 6.04-2
2025-08-05 16:51:46,installed,libnet-http-perl,6.23-1
2025-08-05 16:51:46, installed, libnet-http-perl                             , 6.23-1
2025-08-05 16:51:46,installed,libpam-pwquality,1.4.5-3build1
2025-08-05 16:51:46, installed, libpam-pwquality                             , 1.4.5-3build1
2025-08-05 16:51:46,installed,libpango-1.0-0,1.52.1+ds-1build1
2025-08-05 16:51:46, installed, libpango-1.0-0                               , 1.52.1+ds-1build1
2025-08-05 16:51:46,installed,libqmi-glib5,1.35.2-0ubuntu2
2025-08-05 16:51:46, installed, libqmi-glib5                                 , 1.35.2-0ubuntu2
2025-08-05 16:51:46,installed,libtry-tiny-perl,0.31-2
2025-08-05 16:51:46, installed, libtry-tiny-perl                             , 0.31-2
2025-08-05 16:51:46,installed,libxcursor1,1:1.2.1-1build1
2025-08-05 16:51:46, installed, libxcursor1                                  , 1:1.2.1-1build1
2025-08-05 16:51:46,installed,libxxf86dga1,2:1.1.5-1build1
2025-08-05 16:51:46, installed, libxxf86dga1                                 , 2:1.1.5-1build1
2025-08-05 16:51:46,installed,parted,3.6-4build1
2025-08-05 16:51:46, installed, parted                                       , 3.6-4build1
2025-08-05 16:51:46,installed,python3-launchpadlib,1.11.0-6
2025-08-05 16:51:46, installed, python3-launchpadlib                         , 1.11.0-6
2025-08-05 16:51:46,installed,samba-libs,2:4.19.5+dfsg-4ubuntu9.2
2025-08-05 16:51:46, installed, samba-libs                                   , 2:4.19.5+dfsg-4ubuntu9.2
2025-08-05 16:51:46,installed,trace-cmd,3.2-1ubuntu2
2025-08-05 16:51:46, installed, trace-cmd                                    , 3.2-1ubuntu2
2025-08-05 16:51:46,installed,update-inetd,4.53
2025-08-05 16:51:46, installed, update-inetd                                 , 4.53
2025-08-05 16:51:47,installed,dnsmasq-base,2.90-2ubuntu0.1
2025-08-05 16:51:47, installed, dnsmasq-base                                 , 2.90-2ubuntu0.1
2025-08-05 16:51:47,installed,libharfbuzz-gobject0,8.3.0-2build2
2025-08-05 16:51:47, installed, libharfbuzz-gobject0                         , 8.3.0-2build2
2025-08-05 16:51:47,installed,libproxy1-plugin-networkmanager,0.5.4-4build1
2025-08-05 16:51:47, installed, libproxy1-plugin-networkmanager              , 0.5.4-4build1
2025-08-05 16:51:47,installed,ufw,0.36.2-6
2025-08-05 16:51:47, installed, ufw                                          , 0.36.2-6
2025-08-05 16:51:47,installed,xfonts-utils,1:7.7+6build3
2025-08-05 16:51:47, installed, xfonts-utils                                 , 1:7.7+6build3
2025-08-05 16:51:47,installed,xinput,1.6.4-1build1
2025-08-05 16:51:47, installed, xinput                                       , 1.6.4-1build1
2025-08-05 16:51:48,installed,gir1.2-javascriptcoregtk-4.1,2.48.3-0ubuntu0.24.04.1
2025-08-05 16:51:48, installed, gir1.2-javascriptcoregtk-4.1                 , 2.48.3-0ubuntu0.24.04.1
2025-08-05 16:51:48,installed,libcairo2,1.18.0-3build1
2025-08-05 16:51:48, installed, libcairo2                                    , 1.18.0-3build1
2025-08-05 16:51:48,installed,libextutils-depends-perl,0.8001-2
2025-08-05 16:51:48, installed, libextutils-depends-perl                     , 0.8001-2
2025-08-05 16:51:48,installed,libjcat1,0.2.0-2build3
2025-08-05 16:51:48, installed, libjcat1                                     , 0.2.0-2build3
2025-08-05 16:51:48,installed,libxatracker2,25.0.7-0ubuntu0.24.04.1
2025-08-05 16:51:48, installed, libxatracker2                                , 25.0.7-0ubuntu0.24.04.1
2025-08-05 16:51:48,installed,man-db,2.12.0-4build2
2025-08-05 16:51:48, installed, man-db                                       , 2.12.0-4build2
2025-08-05 16:51:48,installed,python3-sss,2.9.4-1.1ubuntu6.2
2025-08-05 16:51:48, installed, python3-sss                                  , 2.9.4-1.1ubuntu6.2
2025-08-05 16:51:49,installed,apt-config-icons-hidpi,1.0.2-1build6
2025-08-05 16:51:49, installed, apt-config-icons-hidpi                       , 1.0.2-1build6
2025-08-05 16:51:49,installed,gdb,15.0.50.20240403-0ubuntu1
2025-08-05 16:51:49, installed, gdb                                          , 15.0.50.20240403-0ubuntu1
2025-08-05 16:51:49,installed,grub-common,2.12-1ubuntu7.3
2025-08-05 16:51:49, installed, grub-common                                  , 2.12-1ubuntu7.3
2025-08-05 16:51:49,installed,libatspi2.0-0t64,2.52.0-1build1
2025-08-05 16:51:49, installed, libatspi2.0-0t64                             , 2.52.0-1build1
2025-08-05 16:51:49,installed,libcairomm-1.16-1,1.18.0-1build1
2025-08-05 16:51:49, installed, libcairomm-1.16-1                            , 1.18.0-1build1
2025-08-05 16:51:49,installed,libgstreamer-plugins-good1.0-0,1.24.2-1ubuntu1.1
2025-08-05 16:51:49, installed, libgstreamer-plugins-good1.0-0               , 1.24.2-1ubuntu1.1
2025-08-05 16:51:49,installed,libgupnp-dlna-2.0-4,0.12.0-4build2
2025-08-05 16:51:49, installed, libgupnp-dlna-2.0-4                          , 0.12.0-4build2
2025-08-05 16:51:49,installed,libgxps2t64,0.3.2-4build3
2025-08-05 16:51:49, installed, libgxps2t64                                  , 0.3.2-4build3
2025-08-05 16:51:49,installed,liblouisutdml-bin,2.12.0-3.1build1
2025-08-05 16:51:49, installed, liblouisutdml-bin                            , 2.12.0-3.1build1
2025-08-05 16:51:49,installed,libmediaart-2.0-0,1.9.6-1build2
2025-08-05 16:51:49, installed, libmediaart-2.0-0                            , 1.9.6-1build2
2025-08-05 16:51:49,installed,libnotify4,0.8.3-1build2
2025-08-05 16:51:49, installed, libnotify4                                   , 0.8.3-1build2
2025-08-05 16:51:49,installed,libpcaudio0,1.2-2build3
2025-08-05 16:51:49, installed, libpcaudio0                                  , 1.2-2build3
2025-08-05 16:51:49,installed,libpoppler-cpp0t64,24.02.0-1ubuntu9.5
2025-08-05 16:51:49, installed, libpoppler-cpp0t64                           , 24.02.0-1ubuntu9.5
2025-08-05 16:51:49,installed,libpoppler-glib8t64,24.02.0-1ubuntu9.5
2025-08-05 16:51:49, installed, libpoppler-glib8t64                          , 24.02.0-1ubuntu9.5
2025-08-05 16:51:49,installed,libproxy1-plugin-gsettings,0.5.4-4build1
2025-08-05 16:51:49, installed, libproxy1-plugin-gsettings                   , 0.5.4-4build1
2025-08-05 16:51:49,installed,libpulse-mainloop-glib0,1:16.1+dfsg1-2ubuntu10.1
2025-08-05 16:51:49, installed, libpulse-mainloop-glib0                      , 1:16.1+dfsg1-2ubuntu10.1
2025-08-05 16:51:49,installed,libraqm0,0.10.1-1build1
2025-08-05 16:51:49, installed, libraqm0                                     , 0.10.1-1build1
2025-08-05 16:51:49,installed,libwmf-0.2-7,0.2.13-1.1build3
2025-08-05 16:51:49, installed, libwmf-0.2-7                                 , 0.2.13-1.1build3
2025-08-05 16:51:49,installed,libxt6t64,1:1.2.1-1.2build1
2025-08-05 16:51:49, installed, libxt6t64                                    , 1:1.2.1-1.2build1
2025-08-05 16:51:49,installed,os-prober,1.81ubuntu4
2025-08-05 16:51:49, installed, os-prober                                    , 1.81ubuntu4
2025-08-05 16:51:49,installed,plymouth-theme-ubuntu-text,24.004.60-1ubuntu7.1
2025-08-05 16:51:49, installed, plymouth-theme-ubuntu-text                   , 24.004.60-1ubuntu7.1
2025-08-05 16:51:49,installed,python3-apport,2.28.1-0ubuntu3.8
2025-08-05 16:51:49, installed, python3-apport                               , 2.28.1-0ubuntu3.8
2025-08-05 16:51:49,installed,python3-software-properties,0.99.49.2
2025-08-05 16:51:49, installed, python3-software-properties                  , 0.99.49.2
2025-08-05 16:51:49,installed,webp-pixbuf-loader,0.2.4-2build2
2025-08-05 16:51:49, installed, webp-pixbuf-loader                           , 0.2.4-2build2
2025-08-05 16:51:49,installed,wpasupplicant,2:2.10-21ubuntu0.2
2025-08-05 16:51:49, installed, wpasupplicant                                , 2:2.10-21ubuntu0.2
2025-08-05 16:51:49,installed,xfonts-base,1:1.0.5+nmu1
2025-08-05 16:51:49, installed, xfonts-base                                  , 1:1.0.5+nmu1
2025-08-05 16:51:50,installed,avahi-daemon,0.8-13ubuntu6
2025-08-05 16:51:50, installed, avahi-daemon                                 , 0.8-13ubuntu6
2025-08-05 16:51:50,installed,bind9-dnsutils,1:9.18.30-0ubuntu0.24.04.2
2025-08-05 16:51:50, installed, bind9-dnsutils                               , 1:9.18.30-0ubuntu0.24.04.2
2025-08-05 16:51:50,installed,cpp,4:13.2.0-7ubuntu1
2025-08-05 16:51:50, installed, cpp                                          , 4:13.2.0-7ubuntu1
2025-08-05 16:51:50,installed,gir1.2-notify-0.7,0.8.3-1build2
2025-08-05 16:51:50, installed, gir1.2-notify-0.7                            , 0.8.3-1build2
2025-08-05 16:51:50,installed,gir1.2-polkit-1.0,124-2ubuntu1.24.04.2
2025-08-05 16:51:50, installed, gir1.2-polkit-1.0                            , 124-2ubuntu1.24.04.2
2025-08-05 16:51:50,installed,gstreamer1.0-plugins-base-apps,1.24.2-1ubuntu0.2
2025-08-05 16:51:50, installed, gstreamer1.0-plugins-base-apps               , 1.24.2-1ubuntu0.2
2025-08-05 16:51:50,installed,language-selector-common,0.225
2025-08-05 16:51:50, installed, language-selector-common                     , 0.225
2025-08-05 16:51:50,installed,libcairo-gobject2,1.18.0-3build1
2025-08-05 16:51:50, installed, libcairo-gobject2                            , 1.18.0-3build1
2025-08-05 16:51:50,installed,libcairo-perl,1.109-4build1
2025-08-05 16:51:50, installed, libcairo-perl                                , 1.109-4build1
2025-08-05 16:51:50,installed,libcups2t64,2.4.7-1.2ubuntu7.3
2025-08-05 16:51:50, installed, libcups2t64                                  , 2.4.7-1.2ubuntu7.3
2025-08-05 16:51:50,installed,libfile-desktopentry-perl,0.22-3
2025-08-05 16:51:50, installed, libfile-desktopentry-perl                    , 0.22-3
2025-08-05 16:51:50,installed,libfreerdp3-3,3.5.1+dfsg1-0ubuntu1.1
2025-08-05 16:51:50, installed, libfreerdp3-3                                , 3.5.1+dfsg1-0ubuntu1.1
2025-08-05 16:51:50,installed,libgdk-pixbuf2.0-bin,2.42.10+dfsg-3ubuntu3.2
2025-08-05 16:51:50, installed, libgdk-pixbuf2.0-bin                         , 2.42.10+dfsg-3ubuntu3.2
2025-08-05 16:51:50,installed,libhtml-parser-perl,3.81-1build3
2025-08-05 16:51:50, installed, libhtml-parser-perl                          , 3.81-1build3
2025-08-05 16:51:50,installed,libio-socket-ssl-perl,2.085-1
2025-08-05 16:51:50, installed, libio-socket-ssl-perl                        , 2.085-1
2025-08-05 16:51:50,installed,libnotify-bin,0.8.3-1build2
2025-08-05 16:51:50, installed, libnotify-bin                                , 0.8.3-1build2
2025-08-05 16:51:50,installed,libpam-sss,2.9.4-1.1ubuntu6.2
2025-08-05 16:51:50, installed, libpam-sss                                   , 2.9.4-1.1ubuntu6.2
2025-08-05 16:51:50,installed,libpangoft2-1.0-0,1.52.1+ds-1build1
2025-08-05 16:51:50, installed, libpangoft2-1.0-0                            , 1.52.1+ds-1build1
2025-08-05 16:51:50,installed,libpcap0.8t64,1.10.4-4.1ubuntu3
2025-08-05 16:51:50, installed, libpcap0.8t64                                , 1.10.4-4.1ubuntu3
2025-08-05 16:51:50,installed,libsmbclient0,2:4.19.5+dfsg-4ubuntu9.2
2025-08-05 16:51:50, installed, libsmbclient0                                , 2:4.19.5+dfsg-4ubuntu9.2
2025-08-05 16:51:50,installed,libtheora0,1.1.1+dfsg.1-16.1build3
2025-08-05 16:51:50, installed, libtheora0                                   , 1.1.1+dfsg.1-16.1build3
2025-08-05 16:51:50,installed,libwmf-0.2-7-gtk,0.2.13-1.1build3
2025-08-05 16:51:50, installed, libwmf-0.2-7-gtk                             , 0.2.13-1.1build3
2025-08-05 16:51:50,installed,libwww-robotrules-perl,6.02-1
2025-08-05 16:51:50, installed, libwww-robotrules-perl                       , 6.02-1
2025-08-05 16:51:50,installed,poppler-utils,24.02.0-1ubuntu9.5
2025-08-05 16:51:50, installed, poppler-utils                                , 24.02.0-1ubuntu9.5
2025-08-05 16:51:51,installed,cups-ipp-utils,2.4.7-1.2ubuntu7.3
2025-08-05 16:51:51, installed, cups-ipp-utils                               , 2.4.7-1.2ubuntu7.3
2025-08-05 16:51:51,installed,glib-networking-services,2.80.0-1build1
2025-08-05 16:51:51, installed, glib-networking-services                     , 2.80.0-1build1
2025-08-05 16:51:51,installed,ipp-usb,0.9.24-0ubuntu3.3
2025-08-05 16:51:51, installed, ipp-usb                                      , 0.9.24-0ubuntu3.3
2025-08-05 16:51:51,installed,libatk-bridge2.0-0t64,2.52.0-1build1
2025-08-05 16:51:51, installed, libatk-bridge2.0-0t64                        , 2.52.0-1build1
2025-08-05 16:51:51,installed,libcairo-script-interpreter2,1.18.0-3build1
2025-08-05 16:51:51, installed, libcairo-script-interpreter2                 , 1.18.0-3build1
2025-08-05 16:51:51,installed,libfile-mimeinfo-perl,0.34-1
2025-08-05 16:51:51, installed, libfile-mimeinfo-perl                        , 0.34-1
2025-08-05 16:51:51,installed,libfprint-2-2,1:1.94.7+tod1-0ubuntu5~24.04.4
2025-08-05 16:51:51, installed, libfprint-2-2                                , 1:1.94.7+tod1-0ubuntu5~24.04.4
2025-08-05 16:51:51,installed,libhtml-form-perl,6.11-1
2025-08-05 16:51:51, installed, libhtml-form-perl                            , 6.11-1
2025-08-05 16:51:51,installed,libhttp-message-perl,6.45-1ubuntu1
2025-08-05 16:51:51, installed, libhttp-message-perl                         , 6.45-1ubuntu1
2025-08-05 16:51:51,installed,libpangocairo-1.0-0,1.52.1+ds-1build1
2025-08-05 16:51:51, installed, libpangocairo-1.0-0                          , 1.52.1+ds-1build1
2025-08-05 16:51:51,installed,memtest86+,7.00-1build1
2025-08-05 16:51:51, installed, memtest86+                                   , 7.00-1build1
2025-08-05 16:51:51,installed,plymouth-label,24.004.60-1ubuntu7.1
2025-08-05 16:51:51, installed, plymouth-label                               , 24.004.60-1ubuntu7.1
2025-08-05 16:51:51,installed,speech-dispatcher-audio-plugins,0.12.0~rc2-2build3
2025-08-05 16:51:51, installed, speech-dispatcher-audio-plugins              , 0.12.0~rc2-2build3
2025-08-05 16:51:51,installed,udisks2,2.10.1-6ubuntu1.2
2025-08-05 16:51:51, installed, udisks2                                      , 2.10.1-6ubuntu1.2
2025-08-05 16:51:51,installed,xfonts-scalable,1:1.0.3-1.3
2025-08-05 16:51:51, installed, xfonts-scalable                              , 1:1.0.3-1.3
2025-08-05 16:51:52,installed,cups-ppdc,2.4.7-1.2ubuntu7.3
2025-08-05 16:51:52, installed, cups-ppdc                                    , 2.4.7-1.2ubuntu7.3
2025-08-05 16:51:52,installed,gir1.2-freedesktop,1.80.1-1
2025-08-05 16:51:52, installed, gir1.2-freedesktop                           , 1.80.1-1
2025-08-05 16:51:52,installed,gstreamer1.0-alsa,1.24.2-1ubuntu0.2
2025-08-05 16:51:52, installed, gstreamer1.0-alsa                            , 1.24.2-1ubuntu0.2
2025-08-05 16:51:52,installed,gstreamer1.0-x,1.24.2-1ubuntu0.2
2025-08-05 16:51:52, installed, gstreamer1.0-x                               , 1.24.2-1ubuntu0.2
2025-08-05 16:51:52,installed,libfwupd2,1.9.30-0ubuntu1~24.04.1
2025-08-05 16:51:52, installed, libfwupd2                                    , 1.9.30-0ubuntu1~24.04.1
2025-08-05 16:51:52,installed,libgbm1,25.0.7-0ubuntu0.24.04.1
2025-08-05 16:51:52, installed, libgbm1                                      , 25.0.7-0ubuntu0.24.04.1
2025-08-05 16:51:52,installed,libgjs0g,1.80.2-1build2
2025-08-05 16:51:52, installed, libgjs0g                                     , 1.80.2-1build2
2025-08-05 16:51:52,installed,libgl1-mesa-dri,25.0.7-0ubuntu0.24.04.1
2025-08-05 16:51:52, installed, libgl1-mesa-dri                              , 25.0.7-0ubuntu0.24.04.1
2025-08-05 16:51:52,installed,libglib-perl,3:1.329.3-3build3
2025-08-05 16:51:52, installed, libglib-perl                                 , 3:1.329.3-3build3
2025-08-05 16:51:52,installed,libhtml-format-perl,2.16-2
2025-08-05 16:51:52, installed, libhtml-format-perl                          , 2.16-2
2025-08-05 16:51:52,installed,libhtml-tree-perl,5.07-3
2025-08-05 16:51:52, installed, libhtml-tree-perl                            , 5.07-3
2025-08-05 16:51:52,installed,libhttp-cookies-perl,6.11-1
2025-08-05 16:51:52, installed, libhttp-cookies-perl                         , 6.11-1
2025-08-05 16:51:52,installed,libhttp-negotiate-perl,6.01-2
2025-08-05 16:51:52, installed, libhttp-negotiate-perl                       , 6.01-2
2025-08-05 16:51:52,installed,libpangoxft-1.0-0,1.52.1+ds-1build1
2025-08-05 16:51:52, installed, libpangoxft-1.0-0                            , 1.52.1+ds-1build1
2025-08-05 16:51:52,installed,libqmi-proxy,1.35.2-0ubuntu2
2025-08-05 16:51:52, installed, libqmi-proxy                                 , 1.35.2-0ubuntu2
2025-08-05 16:51:52,installed,libwmf0.2-7-gtk,0.2.13-1.1build3
2025-08-05 16:51:52, installed, libwmf0.2-7-gtk                              , 0.2.13-1.1build3
2025-08-05 16:51:52,installed,libxmu6,2:1.1.3-3build2
2025-08-05 16:51:52, installed, libxmu6                                      , 2:1.1.3-3build2
2025-08-05 16:51:52,installed,mesa-libgallium,25.0.7-0ubuntu0.24.04.1
2025-08-05 16:51:52, installed, mesa-libgallium                              , 25.0.7-0ubuntu0.24.04.1
2025-08-05 16:51:52,installed,printer-driver-brlaser,6-3build2
2025-08-05 16:51:52, installed, printer-driver-brlaser                       , 6-3build2
2025-08-05 16:51:52,installed,python3-cairo,1.25.1-2build2
2025-08-05 16:51:52, installed, python3-cairo                                , 1.25.1-2build2
2025-08-05 16:51:52,installed,tcpdump,4.99.4-3ubuntu4
2025-08-05 16:51:52, installed, tcpdump                                      , 4.99.4-3ubuntu4
2025-08-05 16:51:52,installed,xbrlapi,6.6-4ubuntu5
2025-08-05 16:51:52, installed, xbrlapi                                      , 6.6-4ubuntu5
2025-08-05 16:51:54,installed,cups-client,2.4.7-1.2ubuntu7.3
2025-08-05 16:51:54, installed, cups-client                                  , 2.4.7-1.2ubuntu7.3
2025-08-05 16:51:54,installed,fonts-urw-base35,20200910-8
2025-08-05 16:51:54, installed, fonts-urw-base35                             , 20200910-8
2025-08-05 16:51:54,installed,gir1.2-atspi-2.0,2.52.0-1build1
2025-08-05 16:51:54, installed, gir1.2-atspi-2.0                             , 2.52.0-1build1
2025-08-05 16:51:54,installed,gir1.2-harfbuzz-0.0,8.3.0-2build2
2025-08-05 16:51:54, installed, gir1.2-harfbuzz-0.0                          , 8.3.0-2build2
2025-08-05 16:51:54,installed,libespeak-ng1,1.51+dfsg-12build1
2025-08-05 16:51:54, installed, libespeak-ng1                                , 1.51+dfsg-12build1
2025-08-05 16:51:54,installed,librsvg2-2,2.58.0+dfsg-1build1
2025-08-05 16:51:54, installed, librsvg2-2                                   , 2.58.0+dfsg-1build1
2025-08-05 16:51:54,installed,libxaw7,2:1.0.14-1build2
2025-08-05 16:51:54, installed, libxaw7                                      , 2:1.0.14-1build2
2025-08-05 16:51:54,installed,printer-driver-postscript-hp,3.23.12+dfsg0-0ubuntu5
2025-08-05 16:51:54, installed, printer-driver-postscript-hp                 , 3.23.12+dfsg0-0ubuntu5
2025-08-05 16:51:54,installed,speech-dispatcher,0.12.0~rc2-2build3
2025-08-05 16:51:54, installed, speech-dispatcher                            , 0.12.0~rc2-2build3
2025-08-05 16:51:54,installed,sssd-common,2.9.4-1.1ubuntu6.2
2025-08-05 16:51:54, installed, sssd-common                                  , 2.9.4-1.1ubuntu6.2
2025-08-05 16:51:54,installed,sssd-proxy,2.9.4-1.1ubuntu6.2
2025-08-05 16:51:54, installed, sssd-proxy                                   , 2.9.4-1.1ubuntu6.2
2025-08-05 16:51:54,installed,ubuntu-standard,1.539.2
2025-08-05 16:51:54, installed, ubuntu-standard                              , 1.539.2
2025-08-05 16:51:54,installed,x11-xserver-utils,7.7+10build2
2025-08-05 16:51:54, installed, x11-xserver-utils                            , 7.7+10build2
2025-08-05 16:51:55,installed,cups-pk-helper,0.2.6-1ubuntu8
2025-08-05 16:51:55, installed, cups-pk-helper                               , 0.2.6-1ubuntu8
2025-08-05 16:51:55,installed,gir1.2-pango-1.0,1.52.1+ds-1build1
2025-08-05 16:51:55, installed, gir1.2-pango-1.0                             , 1.52.1+ds-1build1
2025-08-05 16:51:55,installed,gir1.2-rsvg-2.0,2.58.0+dfsg-1build1
2025-08-05 16:51:55, installed, gir1.2-rsvg-2.0                              , 2.58.0+dfsg-1build1
2025-08-05 16:51:55,installed,gstreamer1.0-plugins-base,1.24.2-1ubuntu0.2
2025-08-05 16:51:55, installed, gstreamer1.0-plugins-base                    , 1.24.2-1ubuntu0.2
2025-08-05 16:51:55,installed,libcairo-gobject-perl,1.005-4build3
2025-08-05 16:51:55, installed, libcairo-gobject-perl                        , 1.005-4build3
2025-08-05 16:51:55,installed,libcupsfilters2t64,2.0.0-0ubuntu7.1
2025-08-05 16:51:55, installed, libcupsfilters2t64                           , 2.0.0-0ubuntu7.1
2025-08-05 16:51:55,installed,libcupsimage2t64,2.4.7-1.2ubuntu7.3
2025-08-05 16:51:55, installed, libcupsimage2t64                             , 2.4.7-1.2ubuntu7.3
2025-08-05 16:51:55,installed,libegl1,1.7.0-1build1
2025-08-05 16:51:55, installed, libegl1                                      , 1.7.0-1build1
2025-08-05 16:51:55,installed,libegl-mesa0,25.0.7-0ubuntu0.24.04.1
2025-08-05 16:51:55, installed, libegl-mesa0                                 , 25.0.7-0ubuntu0.24.04.1
2025-08-05 16:51:55,installed,libfreerdp-server3-3,3.5.1+dfsg1-0ubuntu1.1
2025-08-05 16:51:55, installed, libfreerdp-server3-3                         , 3.5.1+dfsg1-0ubuntu1.1
2025-08-05 16:51:55,installed,libhpmud0,3.23.12+dfsg0-0ubuntu5
2025-08-05 16:51:55, installed, libhpmud0                                    , 3.23.12+dfsg0-0ubuntu5
2025-08-05 16:51:55,installed,libhttp-daemon-perl,6.16-1
2025-08-05 16:51:55, installed, libhttp-daemon-perl                          , 6.16-1
2025-08-05 16:51:55,installed,libmailtools-perl,2.21-2
2025-08-05 16:51:55, installed, libmailtools-perl                            , 2.21-2
2025-08-05 16:51:55,installed,libnet-smtp-ssl-perl,1.04-2
2025-08-05 16:51:55, installed, libnet-smtp-ssl-perl                         , 1.04-2
2025-08-05 16:51:55,installed,libpangomm-2.48-1t64,2.52.0-1build1
2025-08-05 16:51:55, installed, libpangomm-2.48-1t64                         , 2.52.0-1build1
2025-08-05 16:51:55,installed,libqmi-utils,1.35.2-0ubuntu2
2025-08-05 16:51:55, installed, libqmi-utils                                 , 1.35.2-0ubuntu2
2025-08-05 16:51:55,installed,librsvg2-common,2.58.0+dfsg-1build1
2025-08-05 16:51:55, installed, librsvg2-common                              , 2.58.0+dfsg-1build1
2025-08-05 16:51:55,installed,libshout3,2.4.6-1build2
2025-08-05 16:51:55, installed, libshout3                                    , 2.4.6-1build2
2025-08-05 16:51:55,installed,plymouth-theme-spinner,24.004.60-1ubuntu7.1
2025-08-05 16:51:55, installed, plymouth-theme-spinner                       , 24.004.60-1ubuntu7.1
2025-08-05 16:51:55,installed,ppp,2.4.9-1+1.1ubuntu4
2025-08-05 16:51:55, installed, ppp                                          , 2.4.9-1+1.1ubuntu4
2025-08-05 16:51:55,installed,python3-cups,2.0.1-5build6
2025-08-05 16:51:55, installed, python3-cups                                 , 2.0.1-5build6
2025-08-05 16:51:55,installed,python3-pil,10.2.0-1ubuntu1
2025-08-05 16:51:55, installed, python3-pil                                  , 10.2.0-1ubuntu1
2025-08-05 16:51:55,installed,speech-dispatcher-espeak-ng,0.12.0~rc2-2build3
2025-08-05 16:51:55, installed, speech-dispatcher-espeak-ng                  , 0.12.0~rc2-2build3
2025-08-05 16:51:55,installed,sssd-ad-common,2.9.4-1.1ubuntu6.2
2025-08-05 16:51:55, installed, sssd-ad-common                               , 2.9.4-1.1ubuntu6.2
2025-08-05 16:51:55,installed,sssd-krb5,2.9.4-1.1ubuntu6.2
2025-08-05 16:51:55, installed, sssd-krb5                                    , 2.9.4-1.1ubuntu6.2
2025-08-05 16:51:55,installed,sssd-krb5-common,2.9.4-1.1ubuntu6.2
2025-08-05 16:51:55, installed, sssd-krb5-common                             , 2.9.4-1.1ubuntu6.2
2025-08-05 16:51:55,installed,sssd-ldap,2.9.4-1.1ubuntu6.2
2025-08-05 16:51:55, installed, sssd-ldap                                    , 2.9.4-1.1ubuntu6.2
2025-08-05 16:51:55,installed,x11-session-utils,7.7+6build2
2025-08-05 16:51:55, installed, x11-session-utils                            , 7.7+6build2
2025-08-05 16:51:56,installed,cups-bsd,2.4.7-1.2ubuntu7.3
2025-08-05 16:51:56, installed, cups-bsd                                     , 2.4.7-1.2ubuntu7.3
2025-08-05 16:51:56,installed,cups-filters,2.0.0-0ubuntu4
2025-08-05 16:51:56, installed, cups-filters                                 , 2.0.0-0ubuntu4
2025-08-05 16:51:56,installed,cups-filters-core-drivers,2.0.0-0ubuntu4
2025-08-05 16:51:56, installed, cups-filters-core-drivers                    , 2.0.0-0ubuntu4
2025-08-05 16:51:56,installed,fwupd,1.9.30-0ubuntu1~24.04.1
2025-08-05 16:51:56, installed, fwupd                                        , 1.9.30-0ubuntu1~24.04.1
2025-08-05 16:51:56,installed,ghostscript,10.02.1~dfsg1-0ubuntu7.7
2025-08-05 16:51:56, installed, ghostscript                                  , 10.02.1~dfsg1-0ubuntu7.7
2025-08-05 16:51:56,installed,gstreamer1.0-gl,1.24.2-1ubuntu0.2
2025-08-05 16:51:56, installed, gstreamer1.0-gl                              , 1.24.2-1ubuntu0.2
2025-08-05 16:51:56,installed,libatk-adaptor,2.52.0-1build1
2025-08-05 16:51:56, installed, libatk-adaptor                               , 2.52.0-1build1
2025-08-05 16:51:56,installed,libgl1,1.7.0-1build1
2025-08-05 16:51:56, installed, libgl1                                       , 1.7.0-1build1
2025-08-05 16:51:56,installed,libglib-object-introspection-perl,0.051-1build3
2025-08-05 16:51:56, installed, libglib-object-introspection-perl            , 0.051-1build3
2025-08-05 16:51:56,installed,libglx0,1.7.0-1build1
2025-08-05 16:51:56, installed, libglx0                                      , 1.7.0-1build1
2025-08-05 16:51:56,installed,libglx-mesa0,25.0.7-0ubuntu0.24.04.1
2025-08-05 16:51:56, installed, libglx-mesa0                                 , 25.0.7-0ubuntu0.24.04.1
2025-08-05 16:51:56,installed,libgs10,10.02.1~dfsg1-0ubuntu7.7
2025-08-05 16:51:56, installed, libgs10                                      , 10.02.1~dfsg1-0ubuntu7.7
2025-08-05 16:51:56,installed,libgs10-common,10.02.1~dfsg1-0ubuntu7.7
2025-08-05 16:51:56, installed, libgs10-common                               , 10.02.1~dfsg1-0ubuntu7.7
2025-08-05 16:51:56,installed,libgstreamer-gl1.0-0,1.24.2-1ubuntu0.2
2025-08-05 16:51:56, installed, libgstreamer-gl1.0-0                         , 1.24.2-1ubuntu0.2
2025-08-05 16:51:56,installed,libppd2,2:2.0.0-0ubuntu4.1
2025-08-05 16:51:56, installed, libppd2                                      , 2:2.0.0-0ubuntu4.1
2025-08-05 16:51:56,installed,libsane-hpaio,3.23.12+dfsg0-0ubuntu5
2025-08-05 16:51:56, installed, libsane-hpaio                                , 3.23.12+dfsg0-0ubuntu5
2025-08-05 16:51:56,installed,libspectre1,0.2.12-1build2
2025-08-05 16:51:56, installed, libspectre1                                  , 0.2.12-1build2
2025-08-05 16:51:56,installed,libxklavier16,5.4-5build2
2025-08-05 16:51:56, installed, libxklavier16                                , 5.4-5build2
2025-08-05 16:51:56,installed,pptp-linux,1.10.0-1build4
2025-08-05 16:51:56, installed, pptp-linux                                   , 1.10.0-1build4
2025-08-05 16:51:56,installed,printer-driver-c2esp,27-11ubuntu7
2025-08-05 16:51:56, installed, printer-driver-c2esp                         , 27-11ubuntu7
2025-08-05 16:51:56,installed,printer-driver-m2300w,0.51-15build2
2025-08-05 16:51:56, installed, printer-driver-m2300w                        , 0.51-15build2
2025-08-05 16:51:56,installed,printer-driver-ptouch,1.7-1build2
2025-08-05 16:51:56, installed, printer-driver-ptouch                        , 1.7-1build2
2025-08-05 16:51:56,installed,printer-driver-pxljr,1.4+repack0-6build2
2025-08-05 16:51:56, installed, printer-driver-pxljr                         , 1.4+repack0-6build2
2025-08-05 16:51:56,installed,printer-driver-sag-gdi,0.1-8
2025-08-05 16:51:56, installed, printer-driver-sag-gdi                       , 0.1-8
2025-08-05 16:51:56,installed,python3-cupshelpers,1.5.18-1ubuntu9
2025-08-05 16:51:56, installed, python3-cupshelpers                          , 1.5.18-1ubuntu9
2025-08-05 16:51:56,installed,sssd,2.9.4-1.1ubuntu6.2
2025-08-05 16:51:56, installed, sssd                                         , 2.9.4-1.1ubuntu6.2
2025-08-05 16:51:56,installed,sssd-ad,2.9.4-1.1ubuntu6.2
2025-08-05 16:51:56, installed, sssd-ad                                      , 2.9.4-1.1ubuntu6.2
2025-08-05 16:51:56,installed,sssd-ipa,2.9.4-1.1ubuntu6.2
2025-08-05 16:51:56, installed, sssd-ipa                                     , 2.9.4-1.1ubuntu6.2
2025-08-05 16:51:56,installed,system-config-printer-udev,1.5.18-1ubuntu9
2025-08-05 16:51:56, installed, system-config-printer-udev                   , 1.5.18-1ubuntu9
2025-08-05 16:51:56,installed,x11-apps,7.7+11build3
2025-08-05 16:51:56, installed, x11-apps                                     , 7.7+11build3
2025-08-05 16:51:56,installed,x11-utils,7.7+6build2
2025-08-05 16:51:56, installed, x11-utils                                    , 7.7+6build2
2025-08-05 16:51:56,installed,x11-xkb-utils,7.7+8build2
2025-08-05 16:51:56, installed, x11-xkb-utils                                , 7.7+8build2
2025-08-05 16:51:56,installed,xserver-common,2:21.1.12-1ubuntu1.4
2025-08-05 16:51:56, installed, xserver-common                               , 2:21.1.12-1ubuntu1.4
2025-08-05 16:51:56,installed,xserver-xephyr,2:21.1.12-1ubuntu1.4
2025-08-05 16:51:56, installed, xserver-xephyr                               , 2:21.1.12-1ubuntu1.4
2025-08-05 16:51:56,installed,xserver-xorg,1:7.7+23ubuntu3
2025-08-05 16:51:56, installed, xserver-xorg                                 , 1:7.7+23ubuntu3
2025-08-05 16:51:56,installed,xserver-xorg-core,2:21.1.12-1ubuntu1.4
2025-08-05 16:51:56, installed, xserver-xorg-core                            , 2:21.1.12-1ubuntu1.4
2025-08-05 16:51:56,installed,xserver-xorg-input-libinput,1.4.0-1ubuntu24.04.1
2025-08-05 16:51:56, installed, xserver-xorg-input-libinput                  , 1.4.0-1ubuntu24.04.1
2025-08-05 16:51:56,installed,xserver-xorg-input-wacom,1:1.2.0-1ubuntu2
2025-08-05 16:51:56, installed, xserver-xorg-input-wacom                     , 1:1.2.0-1ubuntu2
2025-08-05 16:51:56,installed,xserver-xorg-legacy,2:21.1.12-1ubuntu1.4
2025-08-05 16:51:56, installed, xserver-xorg-legacy                          , 2:21.1.12-1ubuntu1.4
2025-08-05 16:51:56,installed,xserver-xorg-video-amdgpu,23.0.0-1build1
2025-08-05 16:51:56, installed, xserver-xorg-video-amdgpu                    , 23.0.0-1build1
2025-08-05 16:51:56,installed,xserver-xorg-video-ati,1:22.0.0-1build1
2025-08-05 16:51:56, installed, xserver-xorg-video-ati                       , 1:22.0.0-1build1
2025-08-05 16:51:56,installed,xserver-xorg-video-fbdev,1:0.5.0-2build2
2025-08-05 16:51:56, installed, xserver-xorg-video-fbdev                     , 1:0.5.0-2build2
2025-08-05 16:51:56,installed,xserver-xorg-video-intel,2:2.99.917+git20210115-1build1
2025-08-05 16:51:56, installed, xserver-xorg-video-intel                     , 2:2.99.917+git20210115-1build1
2025-08-05 16:51:56,installed,xserver-xorg-video-nouveau,1:1.0.17-2build1
2025-08-05 16:51:56, installed, xserver-xorg-video-nouveau                   , 1:1.0.17-2build1
2025-08-05 16:51:56,installed,xserver-xorg-video-qxl,0.1.6-1build1
2025-08-05 16:51:56, installed, xserver-xorg-video-qxl                       , 0.1.6-1build1
2025-08-05 16:51:56,installed,xserver-xorg-video-radeon,1:22.0.0-1build1
2025-08-05 16:51:56, installed, xserver-xorg-video-radeon                    , 1:22.0.0-1build1
2025-08-05 16:51:56,installed,xserver-xorg-video-vesa,1:2.6.0-1
2025-08-05 16:51:56, installed, xserver-xorg-video-vesa                      , 1:2.6.0-1
2025-08-05 16:51:56,installed,xserver-xorg-video-vmware,1:13.4.0-1build1
2025-08-05 16:51:56, installed, xserver-xorg-video-vmware                    , 1:13.4.0-1build1
2025-08-05 16:51:56,installed,xwayland,2:23.2.6-1ubuntu0.6
2025-08-05 16:51:56, installed, xwayland                                     , 2:23.2.6-1ubuntu0.6
2025-08-05 16:51:57,installed,adwaita-icon-theme,46.0-1
2025-08-05 16:51:57, installed, adwaita-icon-theme                           , 46.0-1
2025-08-05 16:51:57,installed,apport,2.28.1-0ubuntu3.8
2025-08-05 16:51:57, installed, apport                                       , 2.28.1-0ubuntu3.8
2025-08-05 16:51:57,installed,apport-core-dump-handler,2.28.1-0ubuntu3.8
2025-08-05 16:51:57, installed, apport-core-dump-handler                     , 2.28.1-0ubuntu3.8
2025-08-05 16:51:57,installed,ibus-gtk,1.5.29-2
2025-08-05 16:51:57, installed, ibus-gtk                                     , 1.5.29-2
2025-08-05 16:51:57,installed,language-pack-de,1:24.04+20250724
2025-08-05 16:51:57, installed, language-pack-de                             , 1:24.04+20250724
2025-08-05 16:51:57,installed,language-pack-en,1:24.04+20250724
2025-08-05 16:51:57, installed, language-pack-en                             , 1:24.04+20250724
2025-08-05 16:51:57,installed,libgail18t64,2.24.33-4ubuntu1.1
2025-08-05 16:51:57, installed, libgail18t64                                 , 2.24.33-4ubuntu1.1
2025-08-05 16:51:57,installed,libgtk2.0-0t64,2.24.33-4ubuntu1.1
2025-08-05 16:51:57, installed, libgtk2.0-0t64                               , 2.24.33-4ubuntu1.1
2025-08-05 16:51:57,installed,libgtk2.0-bin,2.24.33-4ubuntu1.1
2025-08-05 16:51:57, installed, libgtk2.0-bin                                , 2.24.33-4ubuntu1.1
2025-08-05 16:51:57,installed,printer-driver-foo2zjs,20200505dfsg0-2ubuntu6
2025-08-05 16:51:57, installed, printer-driver-foo2zjs                       , 20200505dfsg0-2ubuntu6
2025-08-05 16:51:57,installed,printer-driver-pnm2ppa,1.13+nondbs-0ubuntu10
2025-08-05 16:51:57, installed, printer-driver-pnm2ppa                       , 1.13+nondbs-0ubuntu10
2025-08-05 16:51:57,installed,xserver-xorg-input-all,1:7.7+23ubuntu3
2025-08-05 16:51:57, installed, xserver-xorg-input-all                       , 1:7.7+23ubuntu3
2025-08-05 16:51:57,installed,xserver-xorg-video-all,1:7.7+23ubuntu3
2025-08-05 16:51:57, installed, xserver-xorg-video-all                       , 1:7.7+23ubuntu3
2025-08-05 16:51:58,installed,gtk2-engines-murrine,0.98.2-4
2025-08-05 16:51:58, installed, gtk2-engines-murrine                         , 0.98.2-4
2025-08-05 16:51:58,installed,language-pack-fr,1:24.04+20250724
2025-08-05 16:51:58, installed, language-pack-fr                             , 1:24.04+20250724
2025-08-05 16:51:58,installed,language-pack-gnome-de,1:24.04+20250724
2025-08-05 16:51:58, installed, language-pack-gnome-de                       , 1:24.04+20250724
2025-08-05 16:51:58,installed,language-pack-gnome-en,1:24.04+20250724
2025-08-05 16:51:58, installed, language-pack-gnome-en                       , 1:24.04+20250724
2025-08-05 16:51:58,installed,language-pack-gnome-it,1:24.04+20250724
2025-08-05 16:51:58, installed, language-pack-gnome-it                       , 1:24.04+20250724
2025-08-05 16:51:58,installed,language-pack-it,1:24.04+20250724
2025-08-05 16:51:58, installed, language-pack-it                             , 1:24.04+20250724
2025-08-05 16:51:58,installed,language-pack-ru,1:24.04+20250724
2025-08-05 16:51:58, installed, language-pack-ru                             , 1:24.04+20250724
2025-08-05 16:51:58,installed,language-pack-zh-hans,1:24.04+20250724
2025-08-05 16:51:58, installed, language-pack-zh-hans                        , 1:24.04+20250724
2025-08-05 16:51:58,installed,libheif-plugin-aomdec,1.17.6-1ubuntu4.1
2025-08-05 16:51:58, installed, libheif-plugin-aomdec                        , 1.17.6-1ubuntu4.1
2025-08-05 16:51:58,installed,libheif-plugin-libde265,1.17.6-1ubuntu4.1
2025-08-05 16:51:58, installed, libheif-plugin-libde265                      , 1.17.6-1ubuntu4.1
2025-08-05 16:51:58,installed,liblwp-protocol-https-perl,6.13-1
2025-08-05 16:51:58, installed, liblwp-protocol-https-perl                   , 6.13-1
2025-08-05 16:51:58,installed,python3-update-manager,1:24.04.12
2025-08-05 16:51:58, installed, python3-update-manager                       , 1:24.04.12
2025-08-05 16:52:23,installed,language-pack-en-base,1:24.04+20250724
2025-08-05 16:52:23, installed, language-pack-en-base                        , 1:24.04+20250724
2025-08-05 16:52:24,installed,language-pack-gnome-ru,1:24.04+20250724
2025-08-05 16:52:24, installed, language-pack-gnome-ru                       , 1:24.04+20250724
2025-08-05 16:52:24,installed,language-pack-pt,1:24.04+20250724
2025-08-05 16:52:24, installed, language-pack-pt                             , 1:24.04+20250724
2025-08-05 16:52:27,installed,language-pack-es,1:24.04+20250724
2025-08-05 16:52:27, installed, language-pack-es                             , 1:24.04+20250724
2025-08-05 16:52:27,installed,language-pack-gnome-fr,1:24.04+20250724
2025-08-05 16:52:27, installed, language-pack-gnome-fr                       , 1:24.04+20250724
2025-08-05 16:52:27,installed,language-pack-zh-hans-base,1:24.04+20250724
2025-08-05 16:52:27, installed, language-pack-zh-hans-base                   , 1:24.04+20250724
2025-08-05 16:52:27,installed,libgail-common,2.24.33-4ubuntu1.1
2025-08-05 16:52:27, installed, libgail-common                               , 2.24.33-4ubuntu1.1
2025-08-05 16:52:27,installed,libwww-perl,6.76-1
2025-08-05 16:52:27, installed, libwww-perl                                  , 6.76-1
2025-08-05 16:52:37,installed,humanity-icon-theme,0.6.16
2025-08-05 16:52:37, installed, humanity-icon-theme                          , 0.6.16
2025-08-05 16:52:37,installed,language-pack-de-base,1:24.04+20250724
2025-08-05 16:52:37, installed, language-pack-de-base                        , 1:24.04+20250724
2025-08-05 16:52:37,installed,language-pack-gnome-de-base,1:24.04+20250724
2025-08-05 16:52:37, installed, language-pack-gnome-de-base                  , 1:24.04+20250724
2025-08-05 16:52:37,installed,language-pack-gnome-es,1:24.04+20250724
2025-08-05 16:52:37, installed, language-pack-gnome-es                       , 1:24.04+20250724
2025-08-05 16:52:37,installed,language-pack-gnome-es-base,1:24.04+20250724
2025-08-05 16:52:37, installed, language-pack-gnome-es-base                  , 1:24.04+20250724
2025-08-05 16:52:37,installed,language-pack-gnome-fr-base,1:24.04+20250724
2025-08-05 16:52:37, installed, language-pack-gnome-fr-base                  , 1:24.04+20250724
2025-08-05 16:52:37,installed,language-pack-gnome-it-base,1:24.04+20250724
2025-08-05 16:52:37, installed, language-pack-gnome-it-base                  , 1:24.04+20250724
2025-08-05 16:52:37,installed,libheif1,1.17.6-1ubuntu4.1
2025-08-05 16:52:37, installed, libheif1                                     , 1.17.6-1ubuntu4.1
2025-08-05 16:52:37,installed,python3-distupgrade,1:24.04.27
2025-08-05 16:52:37, installed, python3-distupgrade                          , 1:24.04.27
2025-08-05 16:52:40,installed,gtk2-engines-pixbuf,2.24.33-4ubuntu1.1
2025-08-05 16:52:40, installed, gtk2-engines-pixbuf                          , 2.24.33-4ubuntu1.1
2025-08-05 16:52:40,installed,language-pack-gnome-zh-hans,1:24.04+20250724
2025-08-05 16:52:40, installed, language-pack-gnome-zh-hans                  , 1:24.04+20250724
2025-08-05 16:52:40,installed,language-pack-it-base,1:24.04+20250724
2025-08-05 16:52:40, installed, language-pack-it-base                        , 1:24.04+20250724
2025-08-05 16:52:40,installed,libgd3,2.3.3-9ubuntu5
2025-08-05 16:52:40, installed, libgd3                                       , 2.3.3-9ubuntu5
2025-08-05 16:52:40,installed,ubuntu-release-upgrader-core,1:24.04.27
2025-08-05 16:52:40, installed, ubuntu-release-upgrader-core                 , 1:24.04.27
2025-08-05 16:52:48,installed,language-pack-fr-base,1:24.04+20250724
2025-08-05 16:52:48, installed, language-pack-fr-base                        , 1:24.04+20250724
2025-08-05 16:52:48,installed,update-manager-core,1:24.04.12
2025-08-05 16:52:48, installed, update-manager-core                          , 1:24.04.12
2025-08-05 16:52:50,installed,heif-gdk-pixbuf,1.17.6-1ubuntu4.1
2025-08-05 16:52:50, installed, heif-gdk-pixbuf                              , 1.17.6-1ubuntu4.1
2025-08-05 16:52:50,installed,language-pack-gnome-zh-hans-base,1:24.04+20250724
2025-08-05 16:52:50, installed, language-pack-gnome-zh-hans-base             , 1:24.04+20250724
2025-08-05 16:52:50,installed,language-pack-ru-base,1:24.04+20250724
2025-08-05 16:52:50, installed, language-pack-ru-base                        , 1:24.04+20250724
2025-08-05 16:52:51,installed,heif-thumbnailer,1.17.6-1ubuntu4.1
2025-08-05 16:52:51, installed, heif-thumbnailer                             , 1.17.6-1ubuntu4.1
2025-08-05 16:52:51,installed,language-pack-gnome-en-base,1:24.04+20250724
2025-08-05 16:52:51, installed, language-pack-gnome-en-base                  , 1:24.04+20250724
2025-08-05 16:53:21,installed,language-pack-es-base,1:24.04+20250724
2025-08-05 16:53:21, installed, language-pack-es-base                        , 1:24.04+20250724
2025-08-05 16:53:21,installed,language-pack-gnome-pt,1:24.04+20250724
2025-08-05 16:53:21, installed, language-pack-gnome-pt                       , 1:24.04+20250724
2025-08-05 16:53:21,installed,language-pack-gnome-ru-base,1:24.04+20250724
2025-08-05 16:53:21, installed, language-pack-gnome-ru-base                  , 1:24.04+20250724
2025-08-05 16:53:24,installed,gnome-themes-extra,3.28-2ubuntu5
2025-08-05 16:53:24, installed, gnome-themes-extra                           , 3.28-2ubuntu5
2025-08-05 16:53:24,installed,language-pack-gnome-pt-base,1:24.04+20250724
2025-08-05 16:53:24, installed, language-pack-gnome-pt-base                  , 1:24.04+20250724
2025-08-05 16:53:24,installed,language-pack-pt-base,1:24.04+20250724
2025-08-05 16:53:24, installed, language-pack-pt-base                        , 1:24.04+20250724
2025-08-05 16:53:24,installed,libgphoto2-6t64,2.5.31-2.1build2
2025-08-05 16:53:24, installed, libgphoto2-6t64                              , 2.5.31-2.1build2
2025-08-05 16:53:24,installed,libheif-plugin-aomenc,1.17.6-1ubuntu4.1
2025-08-05 16:53:24, installed, libheif-plugin-aomenc                        , 1.17.6-1ubuntu4.1
2025-08-05 16:53:24,installed,libm17n-0,1.8.4-1build2
2025-08-05 16:53:24, installed, libm17n-0                                    , 1.8.4-1build2
2025-08-05 16:53:24,installed,libnet-dbus-perl,1.2.0-2build3
2025-08-05 16:53:24, installed, libnet-dbus-perl                             , 1.2.0-2build3
2025-08-05 16:53:24,installed,libxml-parser-perl,2.47-1build3
2025-08-05 16:53:24, installed, libxml-parser-perl                           , 2.47-1build3
2025-08-05 16:53:24,installed,libxml-twig-perl,1:3.52-2
2025-08-05 16:53:24, installed, libxml-twig-perl                             , 1:3.52-2
2025-08-05 16:53:24,installed,ubuntu-mono,24.04-0ubuntu1
2025-08-05 16:53:24, installed, ubuntu-mono                                  , 24.04-0ubuntu1
2025-08-05 16:53:24,installed,update-notifier-common,3.192.68.2
2025-08-05 16:53:24, installed, update-notifier-common                       , 3.192.68.2
2025-08-05 16:53:25,installed,libsane1,1.2.1-7build4
2025-08-05 16:53:25, installed, libsane1                                     , 1.2.1-7build4
2025-08-05 16:53:25,installed,sane-utils,1.2.1-7build4
2025-08-05 16:53:25, installed, sane-utils                                   , 1.2.1-7build4
2025-08-05 16:53:25,installed,yaru-theme-gtk,24.04.2-0ubuntu1
2025-08-05 16:53:25, installed, yaru-theme-gtk                               , 24.04.2-0ubuntu1
2025-08-05 16:53:26,installed,dbus,1.14.10-4ubuntu4.1
2025-08-05 16:53:26, installed, dbus                                         , 1.14.10-4ubuntu4.1
2025-08-05 16:53:26,installed,evolution-data-server-common,3.52.3-0ubuntu1
2025-08-05 16:53:26, installed, evolution-data-server-common                 , 3.52.3-0ubuntu1
2025-08-05 16:53:26,installed,gnome-control-center-data,1:46.7-0ubuntu0.24.04.2
2025-08-05 16:53:26, installed, gnome-control-center-data                    , 1:46.7-0ubuntu0.24.04.2
2025-08-05 16:53:26,installed,gnome-settings-daemon-common,46.0-1ubuntu1
2025-08-05 16:53:26, installed, gnome-settings-daemon-common                 , 46.0-1ubuntu1
2025-08-05 16:53:26,installed,gnome-shell-common,46.0-0ubuntu6~24.04.9
2025-08-05 16:53:26, installed, gnome-shell-common                           , 46.0-0ubuntu6~24.04.9
2025-08-05 16:53:26,installed,gsettings-desktop-schemas,46.1-0ubuntu1
2025-08-05 16:53:26, installed, gsettings-desktop-schemas                    , 46.1-0ubuntu1
2025-08-05 16:53:26,installed,gsettings-ubuntu-schemas,0.0.7+21.10.20210712-0ubuntu3
2025-08-05 16:53:26, installed, gsettings-ubuntu-schemas                     , 0.0.7+21.10.20210712-0ubuntu3
2025-08-05 16:53:26,installed,ibus-data,1.5.29-2
2025-08-05 16:53:26, installed, ibus-data                                    , 1.5.29-2
2025-08-05 16:53:26,installed,libc-bin,2.39-0ubuntu8.5
2025-08-05 16:53:26, installed, libc-bin                                     , 2.39-0ubuntu8.5
2025-08-05 16:53:26,installed,libgdm1,46.2-1ubuntu1~24.04.1
2025-08-05 16:53:26, installed, libgdm1                                      , 46.2-1ubuntu1~24.04.1
2025-08-05 16:53:26,installed,libglib2.0-0t64,2.80.0-6ubuntu3.4
2025-08-05 16:53:26, installed, libglib2.0-0t64                              , 2.80.0-6ubuntu3.4
2025-08-05 16:53:26,installed,libgnomekbd-common,3.28.1-1build3
2025-08-05 16:53:26, installed, libgnomekbd-common                           , 3.28.1-1build3
2025-08-05 16:53:26,installed,libgoa-1.0-common,3.50.4-0ubuntu2
2025-08-05 16:53:26, installed, libgoa-1.0-common                            , 3.50.4-0ubuntu2
2025-08-05 16:53:26,installed,libgtk-3-0t64,3.24.41-4ubuntu1.3
2025-08-05 16:53:26, installed, libgtk-3-0t64                                , 3.24.41-4ubuntu1.3
2025-08-05 16:53:26,installed,libgtk-3-common,3.24.41-4ubuntu1.3
2025-08-05 16:53:26, installed, libgtk-3-common                              , 3.24.41-4ubuntu1.3
2025-08-05 16:53:26,installed,libgtk-4-common,4.14.5+ds-0ubuntu0.4
2025-08-05 16:53:26, installed, libgtk-4-common                              , 4.14.5+ds-0ubuntu0.4
2025-08-05 16:53:26,installed,libgweather-4-common,4.4.2-1build1
2025-08-05 16:53:26, installed, libgweather-4-common                         , 4.4.2-1build1
2025-08-05 16:53:26,installed,libnma-common,1.10.6-3build2
2025-08-05 16:53:26, installed, libnma-common                                , 1.10.6-3build2
2025-08-05 16:53:26,installed,libunity9,7.1.4+19.04.20190319-6build4
2025-08-05 16:53:26, installed, libunity9                                    , 7.1.4+19.04.20190319-6build4
2025-08-05 16:53:26,installed,mutter-common,46.2-1ubuntu0.24.04.10
2025-08-05 16:53:26, installed, mutter-common                                , 46.2-1ubuntu0.24.04.10
2025-08-05 16:53:26,installed,nautilus-data,1:46.4-0ubuntu0.1
2025-08-05 16:53:26, installed, nautilus-data                                , 1:46.4-0ubuntu0.1
2025-08-05 16:53:26,installed,rsyslog,8.2312.0-3ubuntu9.1
2025-08-05 16:53:26, installed, rsyslog                                      , 8.2312.0-3ubuntu9.1
2025-08-05 16:53:27,installed,shared-mime-info,2.4-4
2025-08-05 16:53:27, installed, shared-mime-info                             , 2.4-4
2025-08-05 16:53:28,installed,at-spi2-core,2.52.0-1build1
2025-08-05 16:53:28, installed, at-spi2-core                                 , 2.52.0-1build1
2025-08-05 16:53:28,installed,gir1.2-gdm-1.0,46.2-1ubuntu1~24.04.1
2025-08-05 16:53:28, installed, gir1.2-gdm-1.0                               , 46.2-1ubuntu1~24.04.1
2025-08-05 16:53:28,installed,gir1.2-gtk-3.0,3.24.41-4ubuntu1.3
2025-08-05 16:53:28, installed, gir1.2-gtk-3.0                               , 3.24.41-4ubuntu1.3
2025-08-05 16:53:28,installed,gir1.2-gtk-4.0,4.14.5+ds-0ubuntu0.4
2025-08-05 16:53:28, installed, gir1.2-gtk-4.0                               , 4.14.5+ds-0ubuntu0.4
2025-08-05 16:53:28,installed,glib-networking,2.80.0-1build1
2025-08-05 16:53:28, installed, glib-networking                              , 2.80.0-1build1
2025-08-05 16:53:28,installed,gvfs-libs,1.54.4-0ubuntu1~24.04.1
2025-08-05 16:53:28, installed, gvfs-libs                                    , 1.54.4-0ubuntu1~24.04.1
2025-08-05 16:53:28,installed,ibus-gtk3,1.5.29-2
2025-08-05 16:53:28, installed, ibus-gtk3                                    , 1.5.29-2
2025-08-05 16:53:28,installed,ibus-gtk4,1.5.29-2
2025-08-05 16:53:28, installed, ibus-gtk4                                    , 1.5.29-2
2025-08-05 16:53:28,installed,install-info,7.1-3build2
2025-08-05 16:53:28, installed, install-info                                 , 7.1-3build2
2025-08-05 16:53:28,installed,libcolord-gtk4-1t64,0.3.1-1build2
2025-08-05 16:53:28, installed, libcolord-gtk4-1t64                          , 0.3.1-1build2
2025-08-05 16:53:28,installed,libdbusmenu-gtk3-4,18.10.20180917~bzr492+repack1-3.1ubuntu5
2025-08-05 16:53:28, installed, libdbusmenu-gtk3-4                           , 18.10.20180917~bzr492+repack1-3.1ubuntu5
2025-08-05 16:53:28,installed,libdecor-0-plugin-1-gtk,0.2.2-1build2
2025-08-05 16:53:28, installed, libdecor-0-plugin-1-gtk                      , 0.2.2-1build2
2025-08-05 16:53:28,installed,libevdocument3-4t64,46.3.1-0ubuntu1
2025-08-05 16:53:28, installed, libevdocument3-4t64                          , 46.3.1-0ubuntu1
2025-08-05 16:53:28,installed,libgcr-ui-3-1,3.41.2-1build3
2025-08-05 16:53:28, installed, libgcr-ui-3-1                                , 3.41.2-1build3
2025-08-05 16:53:28,installed,libgoa-1.0-0b,3.50.4-0ubuntu2
2025-08-05 16:53:28, installed, libgoa-1.0-0b                                , 3.50.4-0ubuntu2
2025-08-05 16:53:28,installed,libgspell-1-2,1.12.2-1build4
2025-08-05 16:53:28, installed, libgspell-1-2                                , 1.12.2-1build4
2025-08-05 16:53:28,installed,libgtk-3-bin,3.24.41-4ubuntu1.3
2025-08-05 16:53:28, installed, libgtk-3-bin                                 , 3.24.41-4ubuntu1.3
2025-08-05 16:53:28,installed,libgtk-4-1,4.14.5+ds-0ubuntu0.4
2025-08-05 16:53:28, installed, libgtk-4-1                                   , 4.14.5+ds-0ubuntu0.4
2025-08-05 16:53:28,installed,libgtk-4-bin,4.14.5+ds-0ubuntu0.4
2025-08-05 16:53:28, installed, libgtk-4-bin                                 , 4.14.5+ds-0ubuntu0.4
2025-08-05 16:53:28,installed,libgtksourceview-5-0,5.12.0-1build1
2025-08-05 16:53:28, installed, libgtksourceview-5-0                         , 5.12.0-1build1
2025-08-05 16:53:28,installed,libhandy-1-0,1.8.3-1build2
2025-08-05 16:53:28, installed, libhandy-1-0                                 , 1.8.3-1build2
2025-08-05 16:53:28,installed,libnma0,1.10.6-3build2
2025-08-05 16:53:28, installed, libnma0                                      , 1.10.6-3build2
2025-08-05 16:53:28,installed,libnma-gtk4-0,1.10.6-3build2
2025-08-05 16:53:28, installed, libnma-gtk4-0                                , 1.10.6-3build2
2025-08-05 16:53:28,installed,libpeas-1.0-0,1.36.0-3build4
2025-08-05 16:53:28, installed, libpeas-1.0-0                                , 1.36.0-3build4
2025-08-05 16:53:28,installed,libportal-gtk4-1,0.7.1-5build5
2025-08-05 16:53:28, installed, libportal-gtk4-1                             , 0.7.1-5build5
2025-08-05 16:53:28,installed,libsoup-3.0-0,3.4.4-5ubuntu0.5
2025-08-05 16:53:28, installed, libsoup-3.0-0                                , 3.4.4-5ubuntu0.5
2025-08-05 16:53:28,installed,libwnck-3-0,43.0-3build4
2025-08-05 16:53:28, installed, libwnck-3-0                                  , 43.0-3build4
2025-08-05 16:53:28,installed,mousetweaks,3.32.0-4build2
2025-08-05 16:53:28, installed, mousetweaks                                  , 3.32.0-4build2
2025-08-05 16:53:28,installed,spice-vdagent,0.22.1-4build3
2025-08-05 16:53:28, installed, spice-vdagent                                , 0.22.1-4build3
2025-08-05 16:53:28,installed,udev,255.4-1ubuntu8.10
2025-08-05 16:53:28, installed, udev                                         , 255.4-1ubuntu8.10
2025-08-05 16:53:28,installed,xdg-desktop-portal-gtk,1.15.1-1build2
2025-08-05 16:53:28, installed, xdg-desktop-portal-gtk                       , 1.15.1-1build2
2025-08-05 16:53:28,installed,xdg-user-dirs-gtk,0.11-1build2
2025-08-05 16:53:28, installed, xdg-user-dirs-gtk                            , 0.11-1build2
2025-08-05 16:53:29,installed,baobab,46.0-1build1
2025-08-05 16:53:29, installed, baobab                                       , 46.0-1build1
2025-08-05 16:53:29,installed,eog,45.3-1ubuntu2
2025-08-05 16:53:29, installed, eog                                          , 45.3-1ubuntu2
2025-08-05 16:53:29,installed,gcr,3.41.2-1build3
2025-08-05 16:53:29, installed, gcr                                          , 3.41.2-1build3
2025-08-05 16:53:29,installed,geoclue-2.0,2.7.0-3ubuntu7
2025-08-05 16:53:29, installed, geoclue-2.0                                  , 2.7.0-3ubuntu7
2025-08-05 16:53:29,installed,gir1.2-gnomedesktop-3.0,44.0-5build2
2025-08-05 16:53:29, installed, gir1.2-gnomedesktop-3.0                      , 44.0-5build2
2025-08-05 16:53:29,installed,gir1.2-gnomedesktop-4.0,44.0-5build2
2025-08-05 16:53:29, installed, gir1.2-gnomedesktop-4.0                      , 44.0-5build2
2025-08-05 16:53:29,installed,gir1.2-handy-1,1.8.3-1build2
2025-08-05 16:53:29, installed, gir1.2-handy-1                               , 1.8.3-1build2
2025-08-05 16:53:29,installed,gir1.2-nma4-1.0,1.10.6-3build2
2025-08-05 16:53:29, installed, gir1.2-nma4-1.0                              , 1.10.6-3build2
2025-08-05 16:53:29,installed,gir1.2-peas-1.0,1.36.0-3build4
2025-08-05 16:53:29, installed, gir1.2-peas-1.0                              , 1.36.0-3build4
2025-08-05 16:53:29,installed,gir1.2-soup-3.0,3.4.4-5ubuntu0.5
2025-08-05 16:53:29, installed, gir1.2-soup-3.0                              , 3.4.4-5ubuntu0.5
2025-08-05 16:53:29,installed,gir1.2-vte-2.91,0.76.0-1ubuntu0.1
2025-08-05 16:53:29, installed, gir1.2-vte-2.91                              , 0.76.0-1ubuntu0.1
2025-08-05 16:53:29,installed,gir1.2-wnck-3.0,43.0-3build4
2025-08-05 16:53:29, installed, gir1.2-wnck-3.0                              , 43.0-3build4
2025-08-05 16:53:29,installed,gnome-bluetooth-sendto,46.0-1ubuntu1
2025-08-05 16:53:29, installed, gnome-bluetooth-sendto                       , 46.0-1ubuntu1
2025-08-05 16:53:29,installed,gnome-calculator,1:46.3-0ubuntu0.1
2025-08-05 16:53:29, installed, gnome-calculator                             , 1:46.3-0ubuntu0.1
2025-08-05 16:53:29,installed,gnome-disk-utility,46.0-1ubuntu3
2025-08-05 16:53:29, installed, gnome-disk-utility                           , 46.0-1ubuntu3
2025-08-05 16:53:29,installed,gnome-font-viewer,46.0-1build1
2025-08-05 16:53:29, installed, gnome-font-viewer                            , 46.0-1build1
2025-08-05 16:53:29,installed,gnome-power-manager,43.0-2build2
2025-08-05 16:53:29, installed, gnome-power-manager                          , 43.0-2build2
2025-08-05 16:53:29,installed,gnome-terminal,3.52.0-1ubuntu2
2025-08-05 16:53:29, installed, gnome-terminal                               , 3.52.0-1ubuntu2
2025-08-05 16:53:29,installed,gnome-text-editor,46.3-0ubuntu2
2025-08-05 16:53:29, installed, gnome-text-editor                            , 46.3-0ubuntu2
2025-08-05 16:53:29,installed,gvfs-daemons,1.54.4-0ubuntu1~24.04.1
2025-08-05 16:53:29, installed, gvfs-daemons                                 , 1.54.4-0ubuntu1~24.04.1
2025-08-05 16:53:29,installed,ibus,1.5.29-2
2025-08-05 16:53:29, installed, ibus                                         , 1.5.29-2
2025-08-05 16:53:29,installed,ibus-libpinyin,1.15.7-1build2
2025-08-05 16:53:29, installed, ibus-libpinyin                               , 1.15.7-1build2
2025-08-05 16:53:29,installed,libadwaita-1-0,1.5.0-1ubuntu2
2025-08-05 16:53:29, installed, libadwaita-1-0                               , 1.5.0-1ubuntu2
2025-08-05 16:53:29,installed,libayatana-ido3-0.4-0,0.10.1-1build2
2025-08-05 16:53:29, installed, libayatana-ido3-0.4-0                        , 0.10.1-1build2
2025-08-05 16:53:29,installed,libayatana-indicator3-7,0.9.4-1build1
2025-08-05 16:53:29, installed, libayatana-indicator3-7                      , 0.9.4-1build1
2025-08-05 16:53:29,installed,libcanberra-gtk3-0t64,0.30-10ubuntu10
2025-08-05 16:53:29, installed, libcanberra-gtk3-0t64                        , 0.30-10ubuntu10
2025-08-05 16:53:29,installed,libedataserver-1.2-27t64,3.52.3-0ubuntu1
2025-08-05 16:53:29, installed, libedataserver-1.2-27t64                     , 3.52.3-0ubuntu1
2025-08-05 16:53:29,installed,libgdata22,0.18.1-6build2
2025-08-05 16:53:29, installed, libgdata22                                   , 0.18.1-6build2
2025-08-05 16:53:29,installed,libgeocode-glib-2-0,3.26.3-6build3
2025-08-05 16:53:29, installed, libgeocode-glib-2-0                          , 3.26.3-6build3
2025-08-05 16:53:29,installed,libgnome-bluetooth-ui-3.0-13,46.0-1ubuntu1
2025-08-05 16:53:29, installed, libgnome-bluetooth-ui-3.0-13                 , 46.0-1ubuntu1
2025-08-05 16:53:29,installed,libgnome-desktop-3-20t64,44.0-5build2
2025-08-05 16:53:29, installed, libgnome-desktop-3-20t64                     , 44.0-5build2
2025-08-05 16:53:29,installed,libgnome-desktop-4-2t64,44.0-5build2
2025-08-05 16:53:29, installed, libgnome-desktop-4-2t64                      , 44.0-5build2
2025-08-05 16:53:29,installed,libgnomekbd8,3.28.1-1build3
2025-08-05 16:53:29, installed, libgnomekbd8                                 , 3.28.1-1build3
2025-08-05 16:53:29,installed,libgnome-rr-4-2t64,44.0-5build2
2025-08-05 16:53:29, installed, libgnome-rr-4-2t64                           , 44.0-5build2
2025-08-05 16:53:29,installed,libgoa-backend-1.0-2,3.50.4-0ubuntu2
2025-08-05 16:53:29, installed, libgoa-backend-1.0-2                         , 3.50.4-0ubuntu2
2025-08-05 16:53:29,installed,libgssdp-1.6-0,1.6.3-1build3
2025-08-05 16:53:29, installed, libgssdp-1.6-0                               , 1.6.3-1build3
2025-08-05 16:53:29,installed,libgtk3-perl,0.038-3
2025-08-05 16:53:29, installed, libgtk3-perl                                 , 0.038-3
2025-08-05 16:53:29,installed,libgtk-4-media-gstreamer,4.14.5+ds-0ubuntu0.4
2025-08-05 16:53:29, installed, libgtk-4-media-gstreamer                     , 4.14.5+ds-0ubuntu0.4
2025-08-05 16:53:29,installed,libgtkmm-4.0-0,4.10.0-4build3
2025-08-05 16:53:29, installed, libgtkmm-4.0-0                               , 4.10.0-4build3
2025-08-05 16:53:29,installed,libgweather-4-0t64,4.4.2-1build1
2025-08-05 16:53:29, installed, libgweather-4-0t64                           , 4.4.2-1build1
2025-08-05 16:53:29,installed,librest-1.0-0,0.9.1-6build3
2025-08-05 16:53:29, installed, librest-1.0-0                                , 0.9.1-6build3
2025-08-05 16:53:29,installed,libsnapd-glib-2-1,1.64-0ubuntu5
2025-08-05 16:53:29, installed, libsnapd-glib-2-1                            , 1.64-0ubuntu5
2025-08-05 16:53:29,installed,libsoup-2.4-1,2.74.3-6ubuntu1.6
2025-08-05 16:53:29, installed, libsoup-2.4-1                                , 2.74.3-6ubuntu1.6
2025-08-05 16:53:29,installed,libvte-2.91-0,0.76.0-1ubuntu0.1
2025-08-05 16:53:29, installed, libvte-2.91-0                                , 0.76.0-1ubuntu0.1
2025-08-05 16:53:29,installed,mutter-common-bin,46.2-1ubuntu0.24.04.10
2025-08-05 16:53:29, installed, mutter-common-bin                            , 46.2-1ubuntu0.24.04.10
2025-08-05 16:53:29,installed,pinentry-gnome3,1.2.1-3ubuntu5
2025-08-05 16:53:29, installed, pinentry-gnome3                              , 1.2.1-3ubuntu5
2025-08-05 16:53:29,installed,tecla,46.0-1build1
2025-08-05 16:53:29, installed, tecla                                        , 46.0-1build1
2025-08-05 16:53:29,installed,ubuntu-settings,24.04.6
2025-08-05 16:53:29, installed, ubuntu-settings                              , 24.04.6
2025-08-05 16:53:29,installed,zenity,4.0.1-1build3
2025-08-05 16:53:29, installed, zenity                                       , 4.0.1-1build3
2025-08-05 16:53:30,installed,gcr4,4.2.0-5
2025-08-05 16:53:30, installed, gcr4                                         , 4.2.0-5
2025-08-05 16:53:30,installed,gir1.2-adw-1,1.5.0-1ubuntu2
2025-08-05 16:53:30, installed, gir1.2-adw-1                                 , 1.5.0-1ubuntu2
2025-08-05 16:53:30,installed,gir1.2-gweather-4.0,4.4.2-1build1
2025-08-05 16:53:30, installed, gir1.2-gweather-4.0                          , 4.4.2-1build1
2025-08-05 16:53:30,installed,gjs,1.80.2-1build2
2025-08-05 16:53:30, installed, gjs                                          , 1.80.2-1build2
2025-08-05 16:53:30,installed,gkbd-capplet,3.28.1-1build3
2025-08-05 16:53:30, installed, gkbd-capplet                                 , 3.28.1-1build3
2025-08-05 16:53:30,installed,gnome-keyring,46.1-2build1
2025-08-05 16:53:30, installed, gnome-keyring                                , 46.1-2build1
2025-08-05 16:53:30,installed,gnome-logs,45.0-1build1
2025-08-05 16:53:30, installed, gnome-logs                                   , 45.0-1build1
2025-08-05 16:53:30,installed,gnome-online-accounts,3.50.4-0ubuntu2
2025-08-05 16:53:30, installed, gnome-online-accounts                        , 3.50.4-0ubuntu2
2025-08-05 16:53:30,installed,gnome-session-bin,46.0-1ubuntu4
2025-08-05 16:53:30, installed, gnome-session-bin                            , 46.0-1ubuntu4
2025-08-05 16:53:30,installed,gnome-session-canberra,0.30-10ubuntu10
2025-08-05 16:53:30, installed, gnome-session-canberra                       , 0.30-10ubuntu10
2025-08-05 16:53:30,installed,gstreamer1.0-plugins-good,1.24.2-1ubuntu1.1
2025-08-05 16:53:30, installed, gstreamer1.0-plugins-good                    , 1.24.2-1ubuntu1.1
2025-08-05 16:53:30,installed,gvfs,1.54.4-0ubuntu1~24.04.1
2025-08-05 16:53:30, installed, gvfs                                         , 1.54.4-0ubuntu1~24.04.1
2025-08-05 16:53:30,installed,ibus-chewing,2.0.0-1build2
2025-08-05 16:53:30, installed, ibus-chewing                                 , 2.0.0-1build2
2025-08-05 16:53:30,installed,ibus-m17n,1.4.28-1build2
2025-08-05 16:53:30, installed, ibus-m17n                                    , 1.4.28-1build2
2025-08-05 16:53:30,installed,libcanberra-gtk3-module,0.30-10ubuntu10
2025-08-05 16:53:30, installed, libcanberra-gtk3-module                      , 0.30-10ubuntu10
2025-08-05 16:53:30,installed,libevview3-3t64,46.3.1-0ubuntu1
2025-08-05 16:53:30, installed, libevview3-3t64                              , 46.3.1-0ubuntu1
2025-08-05 16:53:30,installed,libgeoclue-2-0,2.7.0-3ubuntu7
2025-08-05 16:53:30, installed, libgeoclue-2-0                               , 2.7.0-3ubuntu7
2025-08-05 16:53:30,installed,libgnome-bg-4-2t64,44.0-5build2
2025-08-05 16:53:30, installed, libgnome-bg-4-2t64                           , 44.0-5build2
2025-08-05 16:53:30,installed,libgupnp-1.6-0,1.6.6-1build3
2025-08-05 16:53:30, installed, libgupnp-1.6-0                               , 1.6.6-1build3
2025-08-05 16:53:30,installed,libmsgraph-0-1,0.2.1-0ubuntu3
2025-08-05 16:53:30, installed, libmsgraph-0-1                               , 0.2.1-0ubuntu3
2025-08-05 16:53:30,installed,libpipewire-0.3-modules,1.0.5-1ubuntu3.1
2025-08-05 16:53:30, installed, libpipewire-0.3-modules                      , 1.0.5-1ubuntu3.1
2025-08-05 16:53:30,installed,libtracker-sparql-3.0-0,3.7.1-1build1
2025-08-05 16:53:30, installed, libtracker-sparql-3.0-0                      , 3.7.1-1build1
2025-08-05 16:53:30,installed,seahorse,43.0-3build2
2025-08-05 16:53:30, installed, seahorse                                     , 43.0-3build2
2025-08-05 16:53:30,installed,system-config-printer-common,1.5.18-1ubuntu9
2025-08-05 16:53:30, installed, system-config-printer-common                 , 1.5.18-1ubuntu9
2025-08-05 16:53:30,installed,xorg,1:7.7+23ubuntu3
2025-08-05 16:53:30, installed, xorg                                         , 1:7.7+23ubuntu3
2025-08-05 16:53:31,installed,apport-gtk,2.28.1-0ubuntu3.8
2025-08-05 16:53:31, installed, apport-gtk                                   , 2.28.1-0ubuntu3.8
2025-08-05 16:53:31,installed,cups-daemon,2.4.7-1.2ubuntu7.3
2025-08-05 16:53:31, installed, cups-daemon                                  , 2.4.7-1.2ubuntu7.3
2025-08-05 16:53:31,installed,evince,46.3.1-0ubuntu1
2025-08-05 16:53:31, installed, evince                                       , 46.3.1-0ubuntu1
2025-08-05 16:53:31,installed,gir1.2-geoclue-2.0,2.7.0-3ubuntu7
2025-08-05 16:53:31, installed, gir1.2-geoclue-2.0                           , 2.7.0-3ubuntu7
2025-08-05 16:53:31,installed,gir1.2-mutter-14,46.2-1ubuntu0.24.04.10
2025-08-05 16:53:31, installed, gir1.2-mutter-14                             , 46.2-1ubuntu0.24.04.10
2025-08-05 16:53:31,installed,gir1.2-snapd-2,1.64-0ubuntu5
2025-08-05 16:53:31, installed, gir1.2-snapd-2                               , 1.64-0ubuntu5
2025-08-05 16:53:31,installed,gnome-startup-applications,46.0-1ubuntu4
2025-08-05 16:53:31, installed, gnome-startup-applications                   , 46.0-1ubuntu4
2025-08-05 16:53:31,installed,gnome-system-monitor,46.0-1build1
2025-08-05 16:53:31, installed, gnome-system-monitor                         , 46.0-1build1
2025-08-05 16:53:31,installed,gvfs-backends,1.54.4-0ubuntu1~24.04.1
2025-08-05 16:53:31, installed, gvfs-backends                                , 1.54.4-0ubuntu1~24.04.1
2025-08-05 16:53:31,installed,ibus-table,1.17.4-2
2025-08-05 16:53:31, installed, ibus-table                                   , 1.17.4-2
2025-08-05 16:53:31,installed,ibus-table-cangjie-big,1.8.12-1
2025-08-05 16:53:31, installed, ibus-table-cangjie-big                       , 1.8.12-1
2025-08-05 16:53:31,installed,libayatana-appindicator3-1,0.5.93-1build3
2025-08-05 16:53:31, installed, libayatana-appindicator3-1                   , 0.5.93-1build3
2025-08-05 16:53:31,installed,libebook-contacts-1.2-4t64,3.52.3-0ubuntu1
2025-08-05 16:53:31, installed, libebook-contacts-1.2-4t64                   , 3.52.3-0ubuntu1
2025-08-05 16:53:31,installed,libmutter-14-0,46.2-1ubuntu0.24.04.10
2025-08-05 16:53:31, installed, libmutter-14-0                               , 46.2-1ubuntu0.24.04.10
2025-08-05 16:53:31,installed,librygel-core-2.8-0,0.42.5-1ubuntu3
2025-08-05 16:53:31, installed, librygel-core-2.8-0                          , 0.42.5-1ubuntu3
2025-08-05 16:53:31,installed,librygel-server-2.8-0,0.42.5-1ubuntu3
2025-08-05 16:53:31, installed, librygel-server-2.8-0                        , 0.42.5-1ubuntu3
2025-08-05 16:53:31,installed,nautilus-extension-gnome-terminal,3.52.0-1ubuntu2
2025-08-05 16:53:31, installed, nautilus-extension-gnome-terminal            , 3.52.0-1ubuntu2
2025-08-05 16:53:32,installed,cups,2.4.7-1.2ubuntu7.3
2025-08-05 16:53:32, installed, cups                                         , 2.4.7-1.2ubuntu7.3
2025-08-05 16:53:32,installed,cups-browsed,2.0.0-0ubuntu10.3
2025-08-05 16:53:32, installed, cups-browsed                                 , 2.0.0-0ubuntu10.3
2025-08-05 16:53:32,installed,cups-core-drivers,2.4.7-1.2ubuntu7.3
2025-08-05 16:53:32, installed, cups-core-drivers                            , 2.4.7-1.2ubuntu7.3
2025-08-05 16:53:32,installed,gir1.2-gnomebg-4.0,44.0-5build2
2025-08-05 16:53:32, installed, gir1.2-gnomebg-4.0                           , 44.0-5build2
2025-08-05 16:53:32,installed,gir1.2-webkit2-4.1,2.48.3-0ubuntu0.24.04.1
2025-08-05 16:53:32, installed, gir1.2-webkit2-4.1                           , 2.48.3-0ubuntu0.24.04.1
2025-08-05 16:53:32,installed,gnome-characters,46.0-1build1
2025-08-05 16:53:32, installed, gnome-characters                             , 46.0-1build1
2025-08-05 16:53:32,installed,gnome-clocks,46.0-1build1
2025-08-05 16:53:32, installed, gnome-clocks                                 , 46.0-1build1
2025-08-05 16:53:32,installed,gvfs-fuse,1.54.4-0ubuntu1~24.04.1
2025-08-05 16:53:32, installed, gvfs-fuse                                    , 1.54.4-0ubuntu1~24.04.1
2025-08-05 16:53:32,installed,ibus-table-cangjie3,1.8.12-1
2025-08-05 16:53:32, installed, ibus-table-cangjie3                          , 1.8.12-1
2025-08-05 16:53:32,installed,ibus-table-cangjie5,1.8.12-1
2025-08-05 16:53:32, installed, ibus-table-cangjie5                          , 1.8.12-1
2025-08-05 16:53:32,installed,ibus-table-quick-classic,1.8.12-1
2025-08-05 16:53:32, installed, ibus-table-quick-classic                     , 1.8.12-1
2025-08-05 16:53:32,installed,ibus-table-wubi,1.8.12-1
2025-08-05 16:53:32, installed, ibus-table-wubi                              , 1.8.12-1
2025-08-05 16:53:32,installed,libebackend-1.2-11t64,3.52.3-0ubuntu1
2025-08-05 16:53:32, installed, libebackend-1.2-11t64                        , 3.52.3-0ubuntu1
2025-08-05 16:53:32,installed,libecal-2.0-3,3.52.3-0ubuntu1
2025-08-05 16:53:32, installed, libecal-2.0-3                                , 3.52.3-0ubuntu1
2025-08-05 16:53:32,installed,libedata-cal-2.0-2t64,3.52.3-0ubuntu1
2025-08-05 16:53:32, installed, libedata-cal-2.0-2t64                        , 3.52.3-0ubuntu1
2025-08-05 16:53:32,installed,librygel-db-2.8-0,0.42.5-1ubuntu3
2025-08-05 16:53:32, installed, librygel-db-2.8-0                            , 0.42.5-1ubuntu3
2025-08-05 16:53:32,installed,libwebkit2gtk-4.1-0,2.48.3-0ubuntu0.24.04.1
2025-08-05 16:53:32, installed, libwebkit2gtk-4.1-0                          , 2.48.3-0ubuntu0.24.04.1
2025-08-05 16:53:32,installed,libwebkitgtk-6.0-4,2.48.3-0ubuntu0.24.04.1
2025-08-05 16:53:32, installed, libwebkitgtk-6.0-4                           , 2.48.3-0ubuntu0.24.04.1
2025-08-05 16:53:32,installed,libyelp0,42.2-1ubuntu0.24.04.1
2025-08-05 16:53:32, installed, libyelp0                                     , 42.2-1ubuntu0.24.04.1
2025-08-05 16:53:32,installed,orca,46.1-1ubuntu1
2025-08-05 16:53:32, installed, orca                                         , 46.1-1ubuntu1
2025-08-05 16:53:32,installed,tracker,3.7.1-1build1
2025-08-05 16:53:32, installed, tracker                                      , 3.7.1-1build1
2025-08-05 16:53:32,installed,tracker-extract,3.7.1-1build1
2025-08-05 16:53:32, installed, tracker-extract                              , 3.7.1-1build1
2025-08-05 16:53:32,installed,tracker-miner-fs,3.7.1-1build1
2025-08-05 16:53:32, installed, tracker-miner-fs                             , 3.7.1-1build1
2025-08-05 16:53:32,installed,xdg-desktop-portal-gnome,46.2-0ubuntu1
2025-08-05 16:53:32, installed, xdg-desktop-portal-gnome                     , 46.2-0ubuntu1
2025-08-05 16:53:33,installed,bluez-cups,5.72-0ubuntu5.3
2025-08-05 16:53:33, installed, bluez-cups                                   , 5.72-0ubuntu5.3
2025-08-05 16:53:33,installed,gir1.2-webkit-6.0,2.48.3-0ubuntu0.24.04.1
2025-08-05 16:53:33, installed, gir1.2-webkit-6.0                            , 2.48.3-0ubuntu0.24.04.1
2025-08-05 16:53:33,installed,gstreamer1.0-pipewire,1.0.5-1ubuntu3.1
2025-08-05 16:53:33, installed, gstreamer1.0-pipewire                        , 1.0.5-1ubuntu3.1
2025-08-05 16:53:33,installed,hplip,3.23.12+dfsg0-0ubuntu5
2025-08-05 16:53:33, installed, hplip                                        , 3.23.12+dfsg0-0ubuntu5
2025-08-05 16:53:33,installed,ibus-table-cangjie,1.8.12-1
2025-08-05 16:53:33, installed, ibus-table-cangjie                           , 1.8.12-1
2025-08-05 16:53:33,installed,libebook-1.2-21t64,3.52.3-0ubuntu1
2025-08-05 16:53:33, installed, libebook-1.2-21t64                           , 3.52.3-0ubuntu1
2025-08-05 16:53:33,installed,libedata-book-1.2-27t64,3.52.3-0ubuntu1
2025-08-05 16:53:33, installed, libedata-book-1.2-27t64                      , 3.52.3-0ubuntu1
2025-08-05 16:53:33,installed,libedataserverui-1.2-4t64,3.52.3-0ubuntu1
2025-08-05 16:53:33, installed, libedataserverui-1.2-4t64                    , 3.52.3-0ubuntu1
2025-08-05 16:53:33,installed,librygel-renderer-2.8-0,0.42.5-1ubuntu3
2025-08-05 16:53:33, installed, librygel-renderer-2.8-0                      , 0.42.5-1ubuntu3
2025-08-05 16:53:33,installed,nautilus,1:46.4-0ubuntu0.1
2025-08-05 16:53:33, installed, nautilus                                     , 1:46.4-0ubuntu0.1
2025-08-05 16:53:33,installed,pipewire,1.0.5-1ubuntu3.1
2025-08-05 16:53:33, installed, pipewire                                     , 1.0.5-1ubuntu3.1
2025-08-05 16:53:33,installed,pipewire-alsa,1.0.5-1ubuntu3.1
2025-08-05 16:53:33, installed, pipewire-alsa                                , 1.0.5-1ubuntu3.1
2025-08-05 16:53:33,installed,pipewire-bin,1.0.5-1ubuntu3.1
2025-08-05 16:53:33, installed, pipewire-bin                                 , 1.0.5-1ubuntu3.1
2025-08-05 16:53:33,installed,printer-driver-hpcups,3.23.12+dfsg0-0ubuntu5
2025-08-05 16:53:33, installed, printer-driver-hpcups                        , 3.23.12+dfsg0-0ubuntu5
2025-08-05 16:53:33,installed,printer-driver-splix,2.0.0+svn315-7fakesync1ubuntu1
2025-08-05 16:53:33, installed, printer-driver-splix                         , 2.0.0+svn315-7fakesync1ubuntu1
2025-08-05 16:53:33,installed,rygel,0.42.5-1ubuntu3
2025-08-05 16:53:33, installed, rygel                                        , 0.42.5-1ubuntu3
2025-08-05 16:53:33,installed,ubuntu-release-upgrader-gtk,1:24.04.27
2025-08-05 16:53:33, installed, ubuntu-release-upgrader-gtk                  , 1:24.04.27
2025-08-05 16:53:33,installed,yelp,42.2-1ubuntu0.24.04.1
2025-08-05 16:53:33, installed, yelp                                         , 42.2-1ubuntu0.24.04.1
2025-08-05 16:53:34,installed,evolution-data-server,3.52.3-0ubuntu1
2025-08-05 16:53:34, installed, evolution-data-server                        , 3.52.3-0ubuntu1
2025-08-05 16:53:34,installed,gnome-remote-desktop,46.3-0ubuntu1
2025-08-05 16:53:34, installed, gnome-remote-desktop                         , 46.3-0ubuntu1
2025-08-05 16:53:34,installed,gnome-settings-daemon,46.0-1ubuntu1
2025-08-05 16:53:34, installed, gnome-settings-daemon                        , 46.0-1ubuntu1
2025-08-05 16:53:34,installed,gnome-user-docs,46.0-1ubuntu1
2025-08-05 16:53:34, installed, gnome-user-docs                              , 46.0-1ubuntu1
2025-08-05 16:53:34,installed,gnome-user-docs-de,46.0-1ubuntu1
2025-08-05 16:53:34, installed, gnome-user-docs-de                           , 46.0-1ubuntu1
2025-08-05 16:53:34,installed,gnome-user-docs-es,46.0-1ubuntu1
2025-08-05 16:53:34, installed, gnome-user-docs-es                           , 46.0-1ubuntu1
2025-08-05 16:53:34,installed,gnome-user-docs-fr,46.0-1ubuntu1
2025-08-05 16:53:34, installed, gnome-user-docs-fr                           , 46.0-1ubuntu1
2025-08-05 16:53:34,installed,gnome-user-docs-it,46.0-1ubuntu1
2025-08-05 16:53:34, installed, gnome-user-docs-it                           , 46.0-1ubuntu1
2025-08-05 16:53:34,installed,gnome-user-docs-pt,46.0-1ubuntu1
2025-08-05 16:53:34, installed, gnome-user-docs-pt                           , 46.0-1ubuntu1
2025-08-05 16:53:34,installed,gnome-user-docs-ru,46.0-1ubuntu1
2025-08-05 16:53:34, installed, gnome-user-docs-ru                           , 46.0-1ubuntu1
2025-08-05 16:53:34,installed,gnome-user-docs-zh-hans,46.0-1ubuntu1
2025-08-05 16:53:34, installed, gnome-user-docs-zh-hans                      , 46.0-1ubuntu1
2025-08-05 16:53:34,installed,libcanberra-pulse,0.30-10ubuntu10
2025-08-05 16:53:34, installed, libcanberra-pulse                            , 0.30-10ubuntu10
2025-08-05 16:53:34,installed,pipewire-audio,1.0.5-1ubuntu3.1
2025-08-05 16:53:34, installed, pipewire-audio                               , 1.0.5-1ubuntu3.1
2025-08-05 16:53:34,installed,pipewire-pulse,1.0.5-1ubuntu3.1
2025-08-05 16:53:34, installed, pipewire-pulse                               , 1.0.5-1ubuntu3.1
2025-08-05 16:53:34,installed,ubuntu-docs,24.04.2
2025-08-05 16:53:34, installed, ubuntu-docs                                  , 24.04.2
2025-08-05 16:53:34,installed,wireplumber,0.4.17-1ubuntu4
2025-08-05 16:53:34, installed, wireplumber                                  , 0.4.17-1ubuntu4
2025-08-05 16:53:35,installed,gnome-shell,46.0-0ubuntu6~24.04.9
2025-08-05 16:53:35, installed, gnome-shell                                  , 46.0-0ubuntu6~24.04.9
2025-08-05 16:53:35,installed,gnome-shell-extension-appindicator,58-1ubuntu24.04.1
2025-08-05 16:53:35, installed, gnome-shell-extension-appindicator           , 58-1ubuntu24.04.1
2025-08-05 16:53:35,installed,gnome-shell-extension-desktop-icons-ng,46+really47.0.9-1ubuntu2
2025-08-05 16:53:35, installed, gnome-shell-extension-desktop-icons-ng       , 46+really47.0.9-1ubuntu2
2025-08-05 16:53:35,installed,gnome-shell-extension-ubuntu-dock,90ubuntu3
2025-08-05 16:53:35, installed, gnome-shell-extension-ubuntu-dock            , 90ubuntu3
2025-08-05 16:53:35,installed,gnome-shell-extension-ubuntu-tiling-assistant,46-1ubuntu1.1
2025-08-05 16:53:35, installed, gnome-shell-extension-ubuntu-tiling-assistant, 46-1ubuntu1.1
2025-08-05 16:53:35,installed,polkitd,124-2ubuntu1.24.04.2
2025-08-05 16:53:35, installed, polkitd                                      , 124-2ubuntu1.24.04.2
2025-08-05 16:53:35,installed,sgml-base,1.31
2025-08-05 16:53:35, installed, sgml-base                                    , 1.31
2025-08-05 16:53:35,installed,ubuntu-session,46.0-1ubuntu4
2025-08-05 16:53:35, installed, ubuntu-session                               , 46.0-1ubuntu4
2025-08-05 16:53:35,installed,xml-core,0.19
2025-08-05 16:53:35, installed, xml-core                                     , 0.19
2025-08-05 16:53:36,installed,colord,1.4.7-1build2
2025-08-05 16:53:36, installed, colord                                       , 1.4.7-1build2
2025-08-05 16:53:36,installed,fprintd,1.94.3-1
2025-08-05 16:53:36, installed, fprintd                                      , 1.94.3-1
2025-08-05 16:53:36,installed,gamemode-daemon,1.8.1-2build1
2025-08-05 16:53:36, installed, gamemode-daemon                              , 1.8.1-2build1
2025-08-05 16:53:36,installed,network-manager,1.46.0-1ubuntu2.2
2025-08-05 16:53:36, installed, network-manager                              , 1.46.0-1ubuntu2.2
2025-08-05 16:53:36,installed,network-manager-pptp,1.2.12-3build2
2025-08-05 16:53:36, installed, network-manager-pptp                         , 1.2.12-3build2
2025-08-05 16:53:36,installed,pkexec,124-2ubuntu1.24.04.2
2025-08-05 16:53:36, installed, pkexec                                       , 124-2ubuntu1.24.04.2
2025-08-05 16:53:36,installed,rtkit,0.13-5build1
2025-08-05 16:53:36, installed, rtkit                                        , 0.13-5build1
2025-08-05 16:53:37,installed,brltty,6.6-4ubuntu5
2025-08-05 16:53:37, installed, brltty                                       , 6.6-4ubuntu5
2025-08-05 16:53:38,installed,gdm3,46.2-1ubuntu1~24.04.1
2025-08-05 16:53:38, installed, gdm3                                         , 46.2-1ubuntu1~24.04.1
2025-08-05 16:53:38,installed,gnome-initial-setup,46.3-1ubuntu3~24.04.2
2025-08-05 16:53:38, installed, gnome-initial-setup                          , 46.3-1ubuntu3~24.04.2
2025-08-05 16:53:38,installed,network-manager-pptp-gnome,1.2.12-3build2
2025-08-05 16:53:38, installed, network-manager-pptp-gnome                   , 1.2.12-3build2
2025-08-05 16:53:38,installed,packagekit,1.2.8-2ubuntu1.2
2025-08-05 16:53:38, installed, packagekit                                   , 1.2.8-2ubuntu1.2
2025-08-05 16:53:39,installed,aptdaemon,1.1.1+bzr982-0ubuntu44
2025-08-05 16:53:39, installed, aptdaemon                                    , 1.1.1+bzr982-0ubuntu44
2025-08-05 16:53:39,installed,gamemode,1.8.1-2build1
2025-08-05 16:53:39, installed, gamemode                                     , 1.8.1-2build1
2025-08-05 16:53:39,installed,gstreamer1.0-packagekit,1.2.8-2ubuntu1.2
2025-08-05 16:53:39, installed, gstreamer1.0-packagekit                      , 1.2.8-2ubuntu1.2
2025-08-05 16:53:39,installed,libgamemode0,1.8.1-2build1
2025-08-05 16:53:39, installed, libgamemode0                                 , 1.8.1-2build1
2025-08-05 16:53:39,installed,libpam-fprintd,1.94.3-1
2025-08-05 16:53:39, installed, libpam-fprintd                               , 1.94.3-1
2025-08-05 16:53:39,installed,modemmanager,1.23.4-0ubuntu2
2025-08-05 16:53:39, installed, modemmanager                                 , 1.23.4-0ubuntu2
2025-08-05 16:53:39,installed,network-manager-config-connectivity-ubuntu,1.46.0-1ubuntu2.2
2025-08-05 16:53:39, installed, network-manager-config-connectivity-ubuntu   , 1.46.0-1ubuntu2.2
2025-08-05 16:53:39,installed,network-manager-gnome,1.34.0-1ubuntu3
2025-08-05 16:53:39, installed, network-manager-gnome                        , 1.34.0-1ubuntu3
2025-08-05 16:53:39,installed,network-manager-openvpn,1.10.2-4build2
2025-08-05 16:53:39, installed, network-manager-openvpn                      , 1.10.2-4build2
2025-08-05 16:53:39,installed,network-manager-openvpn-gnome,1.10.2-4build2
2025-08-05 16:53:39, installed, network-manager-openvpn-gnome                , 1.10.2-4build2
2025-08-05 16:53:39,installed,packagekit-tools,1.2.8-2ubuntu1.2
2025-08-05 16:53:39, installed, packagekit-tools                             , 1.2.8-2ubuntu1.2
2025-08-05 16:53:39,installed,policykit-1,124-2ubuntu1.24.04.2
2025-08-05 16:53:39, installed, policykit-1                                  , 124-2ubuntu1.24.04.2
2025-08-05 16:53:39,installed,python3-aptdaemon,1.1.1+bzr982-0ubuntu44
2025-08-05 16:53:39, installed, python3-aptdaemon                            , 1.1.1+bzr982-0ubuntu44
2025-08-05 16:53:39,installed,python3-aptdaemon.gtk3widgets,1.1.1+bzr982-0ubuntu44
2025-08-05 16:53:39, installed, python3-aptdaemon.gtk3widgets                , 1.1.1+bzr982-0ubuntu44
2025-08-05 16:53:39,installed,software-properties-common,0.99.49.2
2025-08-05 16:53:39, installed, software-properties-common                   , 0.99.49.2
2025-08-05 16:53:39,installed,update-notifier,3.192.68.2
2025-08-05 16:53:39, installed, update-notifier                              , 3.192.68.2
2025-08-05 16:53:40,installed,gnome-control-center,1:46.7-0ubuntu0.24.04.2
2025-08-05 16:53:40, installed, gnome-control-center                         , 1:46.7-0ubuntu0.24.04.2
2025-08-05 16:53:40,installed,language-selector-gnome,0.225
2025-08-05 16:53:40, installed, language-selector-gnome                      , 0.225
2025-08-05 16:53:40,installed,sgml-base,1.31
2025-08-05 16:53:40, installed, sgml-base                                    , 1.31
2025-08-05 16:53:40,installed,sgml-data,2.0.11+nmu1
2025-08-05 16:53:40, installed, sgml-data                                    , 2.0.11+nmu1
2025-08-05 16:53:40,installed,software-properties-gtk,0.99.49.2
2025-08-05 16:53:40, installed, software-properties-gtk                      , 0.99.49.2
2025-08-05 16:53:40,installed,ubuntu-desktop-minimal,1.539.2
2025-08-05 16:53:40, installed, ubuntu-desktop-minimal                       , 1.539.2
2025-08-05 16:53:40,installed,update-manager,1:24.04.12
2025-08-05 16:53:40, installed, update-manager                               , 1:24.04.12
2025-08-05 16:53:42,installed,dbus,1.14.10-4ubuntu4.1
2025-08-05 16:53:42, installed, dbus                                         , 1.14.10-4ubuntu4.1
2025-08-05 16:53:42,installed,dictionaries-common,1.29.7
2025-08-05 16:53:42, installed, dictionaries-common                          , 1.29.7
2025-08-05 16:53:42,installed,docbook-xml,4.5-12
2025-08-05 16:53:42, installed, docbook-xml                                  , 4.5-12
2025-08-05 16:53:42,installed,libc-bin,2.39-0ubuntu8.5
2025-08-05 16:53:42, installed, libc-bin                                     , 2.39-0ubuntu8.5
2025-08-05 16:53:42,installed,libgdk-pixbuf-2.0-0,2.42.10+dfsg-3ubuntu3.2
2025-08-05 16:53:42, installed, libgdk-pixbuf-2.0-0                          , 2.42.10+dfsg-3ubuntu3.2
2025-08-05 16:53:42,installed,rygel,0.42.5-1ubuntu3
2025-08-05 16:53:42, installed, rygel                                        , 0.42.5-1ubuntu3
2025-08-05 16:53:42,installed,sgml-base,1.31
2025-08-05 16:53:42, installed, sgml-base                                    , 1.31
2025-08-05 16:53:42,installed,ufw,0.36.2-6
2025-08-05 16:53:42, installed, ufw                                          , 0.36.2-6
2025-08-05 16:55:15,installed,fonts-arphic-ukai,0.2.20080216.2-5
2025-08-05 16:55:15, installed, fonts-arphic-ukai                            , 0.2.20080216.2-5
2025-08-05 16:55:15,installed,fonts-arphic-uming,0.2.20080216.2-10ubuntu2
2025-08-05 16:55:15, installed, fonts-arphic-uming                           , 0.2.20080216.2-10ubuntu2
2025-08-05 16:55:16,installed,gnome-user-docs-de,46.0-1ubuntu1
2025-08-05 16:55:16, installed, gnome-user-docs-de                           , 46.0-1ubuntu1
2025-08-05 16:55:16,installed,gnome-user-docs-es,46.0-1ubuntu1
2025-08-05 16:55:16, installed, gnome-user-docs-es                           , 46.0-1ubuntu1
2025-08-05 16:55:16,installed,gnome-user-docs-fr,46.0-1ubuntu1
2025-08-05 16:55:16, installed, gnome-user-docs-fr                           , 46.0-1ubuntu1
2025-08-05 16:55:16,installed,gnome-user-docs-it,46.0-1ubuntu1
2025-08-05 16:55:16, installed, gnome-user-docs-it                           , 46.0-1ubuntu1
2025-08-05 16:55:16,installed,gnome-user-docs-pt,46.0-1ubuntu1
2025-08-05 16:55:16, installed, gnome-user-docs-pt                           , 46.0-1ubuntu1
2025-08-05 16:55:16,installed,gnome-user-docs-ru,46.0-1ubuntu1
2025-08-05 16:55:16, installed, gnome-user-docs-ru                           , 46.0-1ubuntu1
2025-08-05 16:55:16,installed,gnome-user-docs-zh-hans,46.0-1ubuntu1
2025-08-05 16:55:16, installed, gnome-user-docs-zh-hans                      , 46.0-1ubuntu1
2025-08-05 16:55:16,installed,ibus-chewing,2.0.0-1build2
2025-08-05 16:55:16, installed, ibus-chewing                                 , 2.0.0-1build2
2025-08-05 16:55:16,installed,ibus-libpinyin,1.15.7-1build2
2025-08-05 16:55:16, installed, ibus-libpinyin                               , 1.15.7-1build2
2025-08-05 16:55:16,installed,ibus-m17n,1.4.28-1build2
2025-08-05 16:55:16, installed, ibus-m17n                                    , 1.4.28-1build2
2025-08-05 16:55:16,installed,ibus-table-cangjie,1.8.12-1
2025-08-05 16:55:16, installed, ibus-table-cangjie                           , 1.8.12-1
2025-08-05 16:55:16,installed,ibus-table-quick-classic,1.8.12-1
2025-08-05 16:55:16, installed, ibus-table-quick-classic                     , 1.8.12-1
2025-08-05 16:55:16,installed,ibus-table-wubi,1.8.12-1
2025-08-05 16:55:16, installed, ibus-table-wubi                              , 1.8.12-1
2025-08-05 16:55:16,installed,language-pack-de,1:24.04+20250724
2025-08-05 16:55:16, installed, language-pack-de                             , 1:24.04+20250724
2025-08-05 16:55:16,installed,language-pack-de-base,1:24.04+20250724
2025-08-05 16:55:16, installed, language-pack-de-base                        , 1:24.04+20250724
2025-08-05 16:55:16,installed,language-pack-es,1:24.04+20250724
2025-08-05 16:55:16, installed, language-pack-es                             , 1:24.04+20250724
2025-08-05 16:55:16,installed,language-pack-es-base,1:24.04+20250724
2025-08-05 16:55:16, installed, language-pack-es-base                        , 1:24.04+20250724
2025-08-05 16:55:16,installed,language-pack-fr,1:24.04+20250724
2025-08-05 16:55:16, installed, language-pack-fr                             , 1:24.04+20250724
2025-08-05 16:55:16,installed,language-pack-fr-base,1:24.04+20250724
2025-08-05 16:55:16, installed, language-pack-fr-base                        , 1:24.04+20250724
2025-08-05 16:55:16,installed,language-pack-gnome-de,1:24.04+20250724
2025-08-05 16:55:16, installed, language-pack-gnome-de                       , 1:24.04+20250724
2025-08-05 16:55:16,installed,language-pack-gnome-de-base,1:24.04+20250724
2025-08-05 16:55:16, installed, language-pack-gnome-de-base                  , 1:24.04+20250724
2025-08-05 16:55:16,installed,language-pack-gnome-es,1:24.04+20250724
2025-08-05 16:55:16, installed, language-pack-gnome-es                       , 1:24.04+20250724
2025-08-05 16:55:16,installed,language-pack-gnome-es-base,1:24.04+20250724
2025-08-05 16:55:16, installed, language-pack-gnome-es-base                  , 1:24.04+20250724
2025-08-05 16:55:16,installed,language-pack-gnome-fr,1:24.04+20250724
2025-08-05 16:55:16, installed, language-pack-gnome-fr                       , 1:24.04+20250724
2025-08-05 16:55:16,installed,language-pack-gnome-fr-base,1:24.04+20250724
2025-08-05 16:55:16, installed, language-pack-gnome-fr-base                  , 1:24.04+20250724
2025-08-05 16:55:16,installed,language-pack-gnome-it,1:24.04+20250724
2025-08-05 16:55:16, installed, language-pack-gnome-it                       , 1:24.04+20250724
2025-08-05 16:55:16,installed,language-pack-gnome-it-base,1:24.04+20250724
2025-08-05 16:55:16, installed, language-pack-gnome-it-base                  , 1:24.04+20250724
2025-08-05 16:55:16,installed,language-pack-gnome-pt,1:24.04+20250724
2025-08-05 16:55:16, installed, language-pack-gnome-pt                       , 1:24.04+20250724
2025-08-05 16:55:16,installed,language-pack-gnome-pt-base,1:24.04+20250724
2025-08-05 16:55:16, installed, language-pack-gnome-pt-base                  , 1:24.04+20250724
2025-08-05 16:55:16,installed,language-pack-gnome-ru,1:24.04+20250724
2025-08-05 16:55:16, installed, language-pack-gnome-ru                       , 1:24.04+20250724
2025-08-05 16:55:16,installed,language-pack-gnome-ru-base,1:24.04+20250724
2025-08-05 16:55:16, installed, language-pack-gnome-ru-base                  , 1:24.04+20250724
2025-08-05 16:55:16,installed,language-pack-gnome-zh-hans,1:24.04+20250724
2025-08-05 16:55:16, installed, language-pack-gnome-zh-hans                  , 1:24.04+20250724
2025-08-05 16:55:16,installed,language-pack-gnome-zh-hans-base,1:24.04+20250724
2025-08-05 16:55:16, installed, language-pack-gnome-zh-hans-base             , 1:24.04+20250724
2025-08-05 16:55:16,installed,language-pack-it,1:24.04+20250724
2025-08-05 16:55:16, installed, language-pack-it                             , 1:24.04+20250724
2025-08-05 16:55:16,installed,language-pack-it-base,1:24.04+20250724
2025-08-05 16:55:16, installed, language-pack-it-base                        , 1:24.04+20250724
2025-08-05 16:55:16,installed,language-pack-pt,1:24.04+20250724
2025-08-05 16:55:16, installed, language-pack-pt                             , 1:24.04+20250724
2025-08-05 16:55:16,installed,language-pack-pt-base,1:24.04+20250724
2025-08-05 16:55:16, installed, language-pack-pt-base                        , 1:24.04+20250724
2025-08-05 16:55:16,installed,language-pack-ru,1:24.04+20250724
2025-08-05 16:55:16, installed, language-pack-ru                             , 1:24.04+20250724
2025-08-05 16:55:16,installed,language-pack-ru-base,1:24.04+20250724
2025-08-05 16:55:16, installed, language-pack-ru-base                        , 1:24.04+20250724
2025-08-05 16:55:16,installed,language-pack-zh-hans,1:24.04+20250724
2025-08-05 16:55:16, installed, language-pack-zh-hans                        , 1:24.04+20250724
2025-08-05 16:55:16,installed,language-pack-zh-hans-base,1:24.04+20250724
2025-08-05 16:55:16, installed, language-pack-zh-hans-base                   , 1:24.04+20250724
2025-08-05 16:55:19,installed,desktop-file-utils,0.27-2build1
2025-08-05 16:55:19, installed, desktop-file-utils                           , 0.27-2build1
2025-08-05 16:55:19,installed,gnome-menus,3.36.0-1.1ubuntu3
2025-08-05 16:55:19, installed, gnome-menus                                  , 3.36.0-1.1ubuntu3
2025-08-05 16:55:19,installed,hicolor-icon-theme,0.17-2
2025-08-05 16:55:19, installed, hicolor-icon-theme                           , 0.17-2
2025-08-05 16:55:20,installed,fontconfig,2.15.0-1.1ubuntu2
2025-08-05 16:55:20, installed, fontconfig                                   , 2.15.0-1.1ubuntu2
2025-08-05 16:55:20,installed,libglib2.0-0t64,2.80.0-6ubuntu3.4
2025-08-05 16:55:20, installed, libglib2.0-0t64                              , 2.80.0-6ubuntu3.4
2025-08-05 16:55:20,installed,man-db,2.12.0-4build2
2025-08-05 16:55:20, installed, man-db                                       , 2.12.0-4build2
2025-12-06 21:18:07,installed,liburing2,2.5-1build1
2025-12-06 21:18:53,installed,plocate,1.1.19-2ubuntu2
2025-12-06 21:19:03,installed,man-db,2.12.0-4build2
2025-12-06 21:19:04,installed,libc-bin,2.39-0ubuntu8.6
2025-12-07 16:28:37,installed,linux-modules-6.14.0-36-generic,6.14.0-36.36~24.04.1
2025-12-07 16:28:45,installed,linux-hwe-6.14-headers-6.14.0-36,6.14.0-36.36~24.04.1
2025-12-07 16:28:45,installed,linux-modules-extra-6.14.0-36-generic,6.14.0-36.36~24.04.1
2025-12-07 16:28:46,installed,linux-headers-6.14.0-36-generic,6.14.0-36.36~24.04.1
2025-12-07 16:28:46,installed,linux-headers-generic-hwe-24.04,6.14.0-36.36~24.04.1
2025-12-07 16:28:46,installed,linux-hwe-6.14-tools-6.14.0-36,6.14.0-36.36~24.04.1
2025-12-07 16:28:46,installed,linux-tools-6.14.0-36-generic,6.14.0-36.36~24.04.1
2025-12-07 16:28:53,installed,linux-generic-hwe-24.04,6.14.0-36.36~24.04.1
2025-12-07 16:28:53,installed,linux-image-6.14.0-36-generic,6.14.0-36.36~24.04.1
2025-12-07 16:28:53,installed,linux-image-generic-hwe-24.04,6.14.0-36.36~24.04.1
2025-12-07 16:29:49,installed,linux-image-6.14.0-36-generic,6.14.0-36.36~24.04.1
2025-12-07 16:30:04,installed,libpoppler134,24.02.0-1ubuntu9.8
2025-12-07 16:30:04,installed,libpoppler-cpp0t64,24.02.0-1ubuntu9.8
2025-12-07 16:30:04,installed,libpoppler-glib8t64,24.02.0-1ubuntu9.8
2025-12-07 16:30:04,installed,poppler-utils,24.02.0-1ubuntu9.8
2025-12-07 16:30:11,installed,man-db,2.12.0-4build2
2025-12-07 16:30:12,installed,libc-bin,2.39-0ubuntu8.6
2025-12-07 16:30:34,installed,cups-common,2.4.7-1.2ubuntu7.9
2025-12-07 16:30:34,installed,cups-ipp-utils,2.4.7-1.2ubuntu7.9
2025-12-07 16:30:34,installed,cups-ppdc,2.4.7-1.2ubuntu7.9
2025-12-07 16:30:34,installed,cups-server-common,2.4.7-1.2ubuntu7.9
2025-12-07 16:30:34,installed,libcups2t64,2.4.7-1.2ubuntu7.9
2025-12-07 16:30:35,installed,cups-client,2.4.7-1.2ubuntu7.9
2025-12-07 16:30:35,installed,libcupsimage2t64,2.4.7-1.2ubuntu7.9
2025-12-07 16:30:41,installed,cups-core-drivers,2.4.7-1.2ubuntu7.9
2025-12-07 16:30:41,installed,cups-daemon,2.4.7-1.2ubuntu7.9
2025-12-07 16:31:03,installed,cups,2.4.7-1.2ubuntu7.9
2025-12-07 16:31:03,installed,cups-bsd,2.4.7-1.2ubuntu7.9
2025-12-07 16:31:03,installed,ufw,0.36.2-6
2025-12-07 16:31:12,installed,libc-bin,2.39-0ubuntu8.6
2025-12-07 16:31:12,installed,man-db,2.12.0-4build2
2025-12-07 16:31:26,installed,gnome-menus,3.36.0-1.1ubuntu3
2025-12-07 16:31:26,installed,libcamel-1.2-64t64,3.52.3-0ubuntu1.1
2025-12-07 16:31:27,installed,desktop-file-utils,0.27-2build1
2025-12-07 16:31:27,installed,evolution-data-server-common,3.52.3-0ubuntu1.1
2025-12-07 16:31:27,installed,libc-bin,2.39-0ubuntu8.6
2025-12-07 16:31:27,installed,libedataserver-1.2-27t64,3.52.3-0ubuntu1.1
2025-12-07 16:31:27,installed,libglib2.0-0t64,2.80.0-6ubuntu3.4
2025-12-07 16:31:28,installed,hicolor-icon-theme,0.17-2
2025-12-07 16:31:28,installed,libebackend-1.2-11t64,3.52.3-0ubuntu1.1
2025-12-07 16:31:28,installed,libebook-contacts-1.2-4t64,3.52.3-0ubuntu1.1
2025-12-07 16:31:28,installed,libecal-2.0-3,3.52.3-0ubuntu1.1
2025-12-07 16:31:29,installed,evolution-data-server,3.52.3-0ubuntu1.1
2025-12-07 16:31:29,installed,libc-bin,2.39-0ubuntu8.6
2025-12-07 16:31:29,installed,libebook-1.2-21t64,3.52.3-0ubuntu1.1
2025-12-07 16:31:29,installed,libedata-book-1.2-27t64,3.52.3-0ubuntu1.1
2025-12-07 16:31:29,installed,libedata-cal-2.0-2t64,3.52.3-0ubuntu1.1
2025-12-07 16:31:29,installed,libedataserverui-1.2-4t64,3.52.3-0ubuntu1.1
2025-12-07 16:31:42,installed,binutils-common,2.42-4ubuntu2.7
2025-12-07 16:31:42,installed,libctf-nobfd0,2.42-4ubuntu2.7
2025-12-07 16:31:42,installed,libsframe1,2.42-4ubuntu2.7
2025-12-07 16:31:43,installed,binutils,2.42-4ubuntu2.7
2025-12-07 16:31:43,installed,binutils-x86-64-linux-gnu,2.42-4ubuntu2.7
2025-12-07 16:31:43,installed,libbinutils,2.42-4ubuntu2.7
2025-12-07 16:31:43,installed,libc-bin,2.39-0ubuntu8.6
2025-12-07 16:31:43,installed,libctf0,2.42-4ubuntu2.7
2025-12-07 16:31:43,installed,libgprofng0,2.42-4ubuntu2.7
2025-12-07 16:31:45,installed,man-db,2.12.0-4build2
2025-12-07 16:31:54,installed,libc-bin,2.39-0ubuntu8.6
2025-12-07 16:31:54,installed,libssh-4,0.10.6-2ubuntu0.2
2025-12-07 16:31:54,installed,libssh-gcrypt-4,0.10.6-2ubuntu0.2
2025-12-07 16:32:04,installed,cups-filters,2.0.0-0ubuntu4.1
2025-12-07 16:32:04,installed,cups-filters-core-drivers,2.0.0-0ubuntu4.1
2025-12-07 16:32:06,installed,man-db,2.12.0-4build2
2025-12-07 16:32:26,installed,cups,2.4.7-1.2ubuntu7.9
2025-12-07 16:32:41,installed,libpython3.12-minimal,3.12.3-1ubuntu0.9
2025-12-07 16:32:44,installed,libpython3.12-stdlib,3.12.3-1ubuntu0.9
2025-12-07 16:32:44,installed,python3.12-minimal,3.12.3-1ubuntu0.9
2025-12-07 16:32:46,installed,gnome-menus,3.36.0-1.1ubuntu3
2025-12-07 16:32:46,installed,libpython3.12t64,3.12.3-1ubuntu0.9
2025-12-07 16:32:46,installed,python3.12,3.12.3-1ubuntu0.9
2025-12-07 16:32:47,installed,libc-bin,2.39-0ubuntu8.6
2025-12-07 16:32:47,installed,systemd,255.4-1ubuntu8.10
2025-12-07 16:32:49,installed,desktop-file-utils,0.27-2build1
2025-12-07 16:32:49,installed,man-db,2.12.0-4build2
2025-12-07 16:32:58,installed,python3-minimal,3.12.3-0ubuntu2.1
2025-12-07 16:33:00,installed,libpython3-stdlib,3.12.3-0ubuntu2.1
2025-12-07 16:33:09,installed,python3,3.12.3-0ubuntu2.1
2025-12-07 16:33:11,installed,man-db,2.12.0-4build2
2025-12-07 16:33:34,installed,libjavascriptcoregtk-4.1-0,2.50.1-0ubuntu0.24.04.1
2025-12-07 16:33:34,installed,libjavascriptcoregtk-6.0-1,2.50.1-0ubuntu0.24.04.1
2025-12-07 16:33:34,installed,libwebkit2gtk-4.1-0,2.50.1-0ubuntu0.24.04.1
2025-12-07 16:33:35,installed,gir1.2-javascriptcoregtk-4.1,2.50.1-0ubuntu0.24.04.1
2025-12-07 16:33:35,installed,gir1.2-javascriptcoregtk-6.0,2.50.1-0ubuntu0.24.04.1
2025-12-07 16:33:35,installed,gir1.2-webkit2-4.1,2.50.1-0ubuntu0.24.04.1
2025-12-07 16:33:35,installed,gir1.2-webkit-6.0,2.50.1-0ubuntu0.24.04.1
2025-12-07 16:33:35,installed,libc-bin,2.39-0ubuntu8.6
2025-12-07 16:33:35,installed,libwebkitgtk-6.0-4,2.50.1-0ubuntu0.24.04.1
2025-12-07 16:33:47,installed,intel-microcode,3.20250812.0ubuntu0.24.04.1
2025-12-07 16:34:34,installed,initramfs-tools,0.142ubuntu25.5
2025-12-07 16:34:49,installed,linux-libc-dev,6.8.0-88.89
2025-12-07 16:34:49,installed,linux-tools-common,6.8.0-88.89
2025-12-07 16:34:51,installed,man-db,2.12.0-4build2
2025-12-07 16:35:06,installed,openvpn,2.6.14-0ubuntu0.24.04.3
2025-12-07 16:35:07,installed,man-db,2.12.0-4build2
2025-12-07 16:35:17,installed,wireless-regdb,2025.07.10-0ubuntu1~24.04.1
2025-12-07 16:35:18,installed,man-db,2.12.0-4build2
2025-12-07 16:36:15,installed,linux-firmware,20240318.git3b128b60-0ubuntu2.21
2025-12-07 16:37:03,installed,initramfs-tools,0.142ubuntu25.5
2025-12-07 16:37:12,installed,libcupsfilters2-common,2.0.0-0ubuntu7.2
2025-12-07 16:37:13,installed,libc-bin,2.39-0ubuntu8.6
2025-12-07 16:37:13,installed,libcupsfilters2t64,2.0.0-0ubuntu7.2
2025-12-07 16:37:22,installed,libxml2,2.9.14+dfsg-1.3ubuntu3.6
2025-12-07 16:37:23,installed,libc-bin,2.39-0ubuntu8.6
2025-12-07 20:09:07,installed,apache2-bin,2.4.58-1ubuntu8.8
2025-12-07 20:09:07,installed,apache2-data,2.4.58-1ubuntu8.8
2025-12-07 20:09:07,installed,apache2-utils,2.4.58-1ubuntu8.8
2025-12-07 20:09:07,installed,libapr1t64,1.7.2-3.1ubuntu0.1
2025-12-07 20:09:07,installed,libaprutil1-dbd-sqlite3,1.6.3-1.1ubuntu7
2025-12-07 20:09:07,installed,libaprutil1-ldap,1.6.3-1.1ubuntu7
2025-12-07 20:09:07,installed,libaprutil1t64,1.6.3-1.1ubuntu7
2025-12-07 20:09:23,installed,apache2,2.4.58-1ubuntu8.8
2025-12-07 20:09:24,installed,ufw,0.36.2-6
2025-12-07 20:09:28,installed,libc-bin,2.39-0ubuntu8.6
2025-12-07 20:09:28,installed,man-db,2.12.0-4build2
2025-12-21 11:27:36,installed,grub2-common,2.12-1ubuntu7.3
2025-12-21 11:27:36, installed, grub2-common                                 , 2.12-1ubuntu7.3
2025-12-21 11:27:36,installed,grub-gfxpayload-lists,0.7build2
2025-12-21 11:27:36, installed, grub-gfxpayload-lists                        , 0.7build2
2025-12-21 11:27:36,installed,grub-pc,2.12-1ubuntu7.3
2025-12-21 11:27:36, installed, grub-pc                                      , 2.12-1ubuntu7.3
2025-12-21 11:27:36,installed,grub-pc-bin,2.12-1ubuntu7.3
2025-12-21 11:27:36, installed, grub-pc-bin                                  , 2.12-1ubuntu7.3
2025-12-21 11:27:36,installed,install-info,7.1-3build2
2025-12-21 11:27:36, installed, install-info                                 , 7.1-3build2
2025-12-21 11:27:37,installed,man-db,2.12.0-4build2
2025-12-21 11:27:37, installed, man-db                                       , 2.12.0-4build2
2025-12-21 11:28:06,installed,libc6,2.39-0ubuntu8.6
2025-12-21 11:28:06, installed, libc6                                        , 2.39-0ubuntu8.6
2025-12-21 11:28:07,installed,libc-bin,2.39-0ubuntu8.6
2025-12-21 11:28:07, installed, libc-bin                                     , 2.39-0ubuntu8.6
2025-12-21 11:28:57,installed,amd64-microcode,3.20250311.1ubuntu0.24.04.1
2025-12-21 11:28:57, installed, amd64-microcode                              , 3.20250311.1ubuntu0.24.04.1
2025-12-21 11:28:57,installed,firmware-sof-signed,2023.12.1-1ubuntu1.10
2025-12-21 11:28:57, installed, firmware-sof-signed                          , 2023.12.1-1ubuntu1.10
2025-12-21 11:28:57,installed,intel-microcode,3.20250812.0ubuntu0.24.04.1
2025-12-21 11:28:57, installed, intel-microcode                              , 3.20250812.0ubuntu0.24.04.1
2025-12-21 11:28:57,installed,iucode-tool,2.3.1-3build1
2025-12-21 11:28:57, installed, iucode-tool                                  , 2.3.1-3build1
2025-12-21 11:28:57,installed,linux-firmware,20240318.git3b128b60-0ubuntu2.21
2025-12-21 11:28:57, installed, linux-firmware                               , 20240318.git3b128b60-0ubuntu2.21
2025-12-21 11:28:57,installed,linux-libc-dev,6.8.0-90.91
2025-12-21 11:28:57, installed, linux-libc-dev                               , 6.8.0-90.91
2025-12-21 11:28:57,installed,manpages-dev,6.7-2
2025-12-21 11:28:57, installed, manpages-dev                                 , 6.7-2
2025-12-21 11:28:57,installed,ubuntu-kernel-accessories,1.539.2
2025-12-21 11:28:57, installed, ubuntu-kernel-accessories                    , 1.539.2
2025-12-21 11:29:22,installed,hwdata,0.379-1
2025-12-21 11:29:22, installed, hwdata                                       , 0.379-1
2025-12-21 11:29:22,installed,ieee-data,20220827.1
2025-12-21 11:29:22, installed, ieee-data                                    , 20220827.1
2025-12-21 11:29:22,installed,libc6-dbg,2.39-0ubuntu8.6
2025-12-21 11:29:22, installed, libc6-dbg                                    , 2.39-0ubuntu8.6
2025-12-21 11:29:22,installed,linux-hwe-6.14-headers-6.14.0-37,6.14.0-37.37~24.04.1
2025-12-21 11:29:22, installed, linux-hwe-6.14-headers-6.14.0-37             , 6.14.0-37.37~24.04.1
2025-12-21 11:29:22,installed,locales,2.39-0ubuntu8.6
2025-12-21 11:29:22, installed, locales                                      , 2.39-0ubuntu8.6
2025-12-21 11:29:22,installed,rpcsvc-proto,1.4.2-0ubuntu7
2025-12-21 11:29:22, installed, rpcsvc-proto                                 , 1.4.2-0ubuntu7
2025-12-21 11:29:24,installed,libc-dev-bin,2.39-0ubuntu8.6
2025-12-21 11:29:24, installed, libc-dev-bin                                 , 2.39-0ubuntu8.6
2025-12-21 11:29:24,installed,libcrypt-dev,1:4.4.36-4build1
2025-12-21 11:29:24, installed, libcrypt-dev                                 , 1:4.4.36-4build1
2025-12-21 11:29:24,installed,linux-headers-6.14.0-37-generic,6.14.0-37.37~24.04.1
2025-12-21 11:29:24, installed, linux-headers-6.14.0-37-generic              , 6.14.0-37.37~24.04.1
2025-12-21 11:29:24,installed,linux-modules-6.14.0-37-generic,6.14.0-37.37~24.04.1
2025-12-21 11:29:24, installed, linux-modules-6.14.0-37-generic              , 6.14.0-37.37~24.04.1
2025-12-21 11:29:24,installed,linux-tools-common,6.8.0-90.91
2025-12-21 11:29:24, installed, linux-tools-common                           , 6.8.0-90.91
2025-12-21 11:29:25,installed,libc-devtools,2.39-0ubuntu8.6
2025-12-21 11:29:25, installed, libc-devtools                                , 2.39-0ubuntu8.6
2025-12-21 11:29:25,installed,libclang1-18,1:18.1.3-1ubuntu1
2025-12-21 11:29:25, installed, libclang1-18                                 , 1:18.1.3-1ubuntu1
2025-12-21 11:29:25,installed,libllvm18,1:18.1.3-1ubuntu1
2025-12-21 11:29:25, installed, libllvm18                                    , 1:18.1.3-1ubuntu1
2025-12-21 11:29:25,installed,thermald,2.5.6-2ubuntu0.24.04.2
2025-12-21 11:29:25, installed, thermald                                     , 2.5.6-2ubuntu0.24.04.2
2025-12-21 11:29:26,installed,linux-image-6.14.0-37-generic,6.14.0-37.37~24.04.1
2025-12-21 11:29:26, installed, linux-image-6.14.0-37-generic                , 6.14.0-37.37~24.04.1
2025-12-21 11:29:28,installed,libbpfcc,0.29.1+ds-1ubuntu7
2025-12-21 11:29:28, installed, libbpfcc                                     , 0.29.1+ds-1ubuntu7
2025-12-21 11:29:28,installed,libc6-dev,2.39-0ubuntu8.6
2025-12-21 11:29:28, installed, libc6-dev                                    , 2.39-0ubuntu8.6
2025-12-21 11:29:28,installed,libclang-cpp18,1:18.1.3-1ubuntu1
2025-12-21 11:29:28, installed, libclang-cpp18                               , 1:18.1.3-1ubuntu1
2025-12-21 11:29:28,installed,linux-headers-generic-hwe-24.04,6.14.0-37.37~24.04.1
2025-12-21 11:29:28, installed, linux-headers-generic-hwe-24.04              , 6.14.0-37.37~24.04.1
2025-12-21 11:29:28,installed,linux-hwe-6.14-tools-6.14.0-37,6.14.0-37.37~24.04.1
2025-12-21 11:29:28, installed, linux-hwe-6.14-tools-6.14.0-37               , 6.14.0-37.37~24.04.1
2025-12-21 11:29:28,installed,linux-modules-extra-6.14.0-37-generic,6.14.0-37.37~24.04.1
2025-12-21 11:29:28, installed, linux-modules-extra-6.14.0-37-generic        , 6.14.0-37.37~24.04.1
2025-12-21 11:29:28,installed,python3-netaddr,0.8.0-2ubuntu1
2025-12-21 11:29:28, installed, python3-netaddr                              , 0.8.0-2ubuntu1
2025-12-21 11:29:29,installed,bpfcc-tools,0.29.1+ds-1ubuntu7
2025-12-21 11:29:29, installed, bpfcc-tools                                  , 0.29.1+ds-1ubuntu7
2025-12-21 11:29:29,installed,bpftrace,0.20.2-1ubuntu4.3
2025-12-21 11:29:29, installed, bpftrace                                     , 0.20.2-1ubuntu4.3
2025-12-21 11:29:29,installed,linux-generic-hwe-24.04,6.14.0-37.37~24.04.1
2025-12-21 11:29:29, installed, linux-generic-hwe-24.04                      , 6.14.0-37.37~24.04.1
2025-12-21 11:29:29,installed,linux-image-generic-hwe-24.04,6.14.0-37.37~24.04.1
2025-12-21 11:29:29, installed, linux-image-generic-hwe-24.04                , 6.14.0-37.37~24.04.1
2025-12-21 11:29:29,installed,linux-tools-6.14.0-37-generic,6.14.0-37.37~24.04.1
2025-12-21 11:29:29, installed, linux-tools-6.14.0-37-generic                , 6.14.0-37.37~24.04.1
2025-12-21 11:29:29,installed,python3-bpfcc,0.29.1+ds-1ubuntu7
2025-12-21 11:29:29, installed, python3-bpfcc                                , 0.29.1+ds-1ubuntu7
2025-12-21 11:29:30,installed,man-db,2.12.0-4build2
2025-12-21 11:29:30, installed, man-db                                       , 2.12.0-4build2
2025-12-21 11:29:31,installed,dbus,1.14.10-4ubuntu4.1
2025-12-21 11:29:31, installed, dbus                                         , 1.14.10-4ubuntu4.1
2025-12-21 11:29:31,installed,initramfs-tools,0.142ubuntu25.5
2025-12-21 11:29:31, installed, initramfs-tools                              , 0.142ubuntu25.5
2025-12-21 11:29:31,installed,libc-bin,2.39-0ubuntu8.6
2025-12-21 11:29:31, installed, libc-bin                                     , 2.39-0ubuntu8.6
2025-12-21 11:29:31,installed,linux-image-6.14.0-37-generic,6.14.0-37.37~24.04.1
2025-12-21 11:29:31, installed, linux-image-6.14.0-37-generic                , 6.14.0-37.37~24.04.1
2025-12-21 11:29:50,installed,cracklib-runtime,2.9.6-5.1build2
2025-12-21 11:29:50, installed, cracklib-runtime                             , 2.9.6-5.1build2
2025-12-21 11:29:50,installed,dictionaries-common,1.29.7
2025-12-21 11:29:50, installed, dictionaries-common                          , 1.29.7
2025-12-21 11:29:50,installed,man-db,2.12.0-4build2
2025-12-21 11:29:50, installed, man-db                                       , 2.12.0-4build2
2025-12-21 11:29:50,installed,wbritish,2020.12.07-2
2025-12-21 11:29:50, installed, wbritish                                     , 2020.12.07-2
2025-12-21 11:31:15,installed,dpkg,1.22.6ubuntu6.5
2025-12-21 11:31:15, installed, dpkg                                         , 1.22.6ubuntu6.5
2025-12-21 11:31:15,installed,libpam0g,1.5.3-5ubuntu5.5
2025-12-21 11:31:15, installed, libpam0g                                     , 1.5.3-5ubuntu5.5
2025-12-21 11:31:15,installed,libpam-modules-bin,1.5.3-5ubuntu5.5
2025-12-21 11:31:15, installed, libpam-modules-bin                           , 1.5.3-5ubuntu5.5
2025-12-21 11:31:16,installed,libpam-modules,1.5.3-5ubuntu5.5
2025-12-21 11:31:16, installed, libpam-modules                               , 1.5.3-5ubuntu5.5
2025-12-21 11:31:16,installed,python3-minimal,3.12.3-0ubuntu2.1
2025-12-21 11:31:16, installed, python3-minimal                              , 3.12.3-0ubuntu2.1
2025-12-21 11:31:17,installed,libssl3t64,3.0.13-0ubuntu3.6
2025-12-21 11:31:17, installed, libssl3t64                                   , 3.0.13-0ubuntu3.6
2025-12-21 11:31:22,installed,libpam-runtime,1.5.3-5ubuntu5.5
2025-12-21 11:31:22, installed, libpam-runtime                               , 1.5.3-5ubuntu5.5
2025-12-21 11:31:36,installed,cups-common,2.4.7-1.2ubuntu7.9
2025-12-21 11:31:36, installed, cups-common                                  , 2.4.7-1.2ubuntu7.9
2025-12-21 11:31:36,installed,cups-ipp-utils,2.4.7-1.2ubuntu7.9
2025-12-21 11:31:36, installed, cups-ipp-utils                               , 2.4.7-1.2ubuntu7.9
2025-12-21 11:31:36,installed,cups-server-common,2.4.7-1.2ubuntu7.9
2025-12-21 11:31:36, installed, cups-server-common                           , 2.4.7-1.2ubuntu7.9
2025-12-21 11:31:36,installed,gstreamer1.0-gl,1.24.2-1ubuntu0.3
2025-12-21 11:31:36, installed, gstreamer1.0-gl                              , 1.24.2-1ubuntu0.3
2025-12-21 11:31:36,installed,gstreamer1.0-plugins-base,1.24.2-1ubuntu0.3
2025-12-21 11:31:36, installed, gstreamer1.0-plugins-base                    , 1.24.2-1ubuntu0.3
2025-12-21 11:31:36,installed,gstreamer1.0-plugins-base-apps,1.24.2-1ubuntu0.3
2025-12-21 11:31:36, installed, gstreamer1.0-plugins-base-apps               , 1.24.2-1ubuntu0.3
2025-12-21 11:31:36,installed,libcamel-1.2-64t64,3.52.3-0ubuntu1.1
2025-12-21 11:31:36, installed, libcamel-1.2-64t64                           , 3.52.3-0ubuntu1.1
2025-12-21 11:31:36,installed,libcups2t64,2.4.7-1.2ubuntu7.9
2025-12-21 11:31:36, installed, libcups2t64                                  , 2.4.7-1.2ubuntu7.9
2025-12-21 11:31:36,installed,libcupsfilters2-common,2.0.0-0ubuntu7.2
2025-12-21 11:31:36, installed, libcupsfilters2-common                       , 2.0.0-0ubuntu7.2
2025-12-21 11:31:36,installed,libgs10-common,10.02.1~dfsg1-0ubuntu7.8
2025-12-21 11:31:36, installed, libgs10-common                               , 10.02.1~dfsg1-0ubuntu7.8
2025-12-21 11:31:36,installed,libgs-common,10.02.1~dfsg1-0ubuntu7.8
2025-12-21 11:31:36, installed, libgs-common                                 , 10.02.1~dfsg1-0ubuntu7.8
2025-12-21 11:31:36,installed,libgstreamer-gl1.0-0,1.24.2-1ubuntu0.3
2025-12-21 11:31:36, installed, libgstreamer-gl1.0-0                         , 1.24.2-1ubuntu0.3
2025-12-21 11:31:36,installed,libgstreamer-plugins-base1.0-0,1.24.2-1ubuntu0.3
2025-12-21 11:31:36, installed, libgstreamer-plugins-base1.0-0               , 1.24.2-1ubuntu0.3
2025-12-21 11:31:36,installed,libgstreamer-plugins-good1.0-0,1.24.2-1ubuntu1.2
2025-12-21 11:31:36, installed, libgstreamer-plugins-good1.0-0               , 1.24.2-1ubuntu1.2
2025-12-21 11:31:36,installed,libjavascriptcoregtk-4.1-0,2.50.2-0ubuntu0.24.04.2
2025-12-21 11:31:36, installed, libjavascriptcoregtk-4.1-0                   , 2.50.2-0ubuntu0.24.04.2
2025-12-21 11:31:36,installed,libjavascriptcoregtk-6.0-1,2.50.2-0ubuntu0.24.04.2
2025-12-21 11:31:36, installed, libjavascriptcoregtk-6.0-1                   , 2.50.2-0ubuntu0.24.04.2
2025-12-21 11:31:36,installed,libldb2,2:2.8.0+samba4.19.5+dfsg-4ubuntu9.4
2025-12-21 11:31:36, installed, libldb2                                      , 2:2.8.0+samba4.19.5+dfsg-4ubuntu9.4
2025-12-21 11:31:36,installed,libopenjp2-7,2.5.0-2ubuntu0.4
2025-12-21 11:31:36, installed, libopenjp2-7                                 , 2.5.0-2ubuntu0.4
2025-12-21 11:31:36,installed,libpng16-16t64,1.6.43-5ubuntu0.1
2025-12-21 11:31:36, installed, libpng16-16t64                               , 1.6.43-5ubuntu0.1
2025-12-21 11:31:36,installed,libpython3.12-minimal,3.12.3-1ubuntu0.9
2025-12-21 11:31:36, installed, libpython3.12-minimal                        , 3.12.3-1ubuntu0.9
2025-12-21 11:31:36,installed,libsoup-3.0-common,3.4.4-5ubuntu0.6
2025-12-21 11:31:36, installed, libsoup-3.0-common                           , 3.4.4-5ubuntu0.6
2025-12-21 11:31:36,installed,libsqlite3-0,3.45.1-1ubuntu2.5
2025-12-21 11:31:36, installed, libsqlite3-0                                 , 3.45.1-1ubuntu2.5
2025-12-21 11:31:36,installed,libssh-4,0.10.6-2ubuntu0.2
2025-12-21 11:31:36, installed, libssh-4                                     , 0.10.6-2ubuntu0.2
2025-12-21 11:31:36,installed,libtiff6,4.5.1+git230720-4ubuntu2.4
2025-12-21 11:31:36, installed, libtiff6                                     , 4.5.1+git230720-4ubuntu2.4
2025-12-21 11:31:36,installed,libudisks2-0,2.10.1-6ubuntu1.3
2025-12-21 11:31:36, installed, libudisks2-0                                 , 2.10.1-6ubuntu1.3
2025-12-21 11:31:36,installed,libwbclient0,2:4.19.5+dfsg-4ubuntu9.4
2025-12-21 11:31:36, installed, libwbclient0                                 , 2:4.19.5+dfsg-4ubuntu9.4
2025-12-21 11:31:36,installed,libxml2,2.9.14+dfsg-1.3ubuntu3.6
2025-12-21 11:31:36, installed, libxml2                                      , 2.9.14+dfsg-1.3ubuntu3.6
2025-12-21 11:31:36,installed,openssl,3.0.13-0ubuntu3.6
2025-12-21 11:31:36, installed, openssl                                      , 3.0.13-0ubuntu3.6
2025-12-21 11:31:36,installed,openvpn,2.6.14-0ubuntu0.24.04.3
2025-12-21 11:31:36, installed, openvpn                                      , 2.6.14-0ubuntu0.24.04.3
2025-12-21 11:31:36,installed,python-apt-common,2.7.7ubuntu5.1
2025-12-21 11:31:36, installed, python-apt-common                            , 2.7.7ubuntu5.1
2025-12-21 11:31:36,installed,usbmuxd,1.1.1-5~exp3ubuntu2.1
2025-12-21 11:31:36, installed, usbmuxd                                      , 1.1.1-5~exp3ubuntu2.1
2025-12-21 11:31:36,installed,vim-common,2:9.1.0016-1ubuntu7.9
2025-12-21 11:31:36, installed, vim-common                                   , 2:9.1.0016-1ubuntu7.9
2025-12-21 11:31:36,installed,wireless-regdb,2025.07.10-0ubuntu1~24.04.1
2025-12-21 11:31:36, installed, wireless-regdb                               , 2025.07.10-0ubuntu1~24.04.1
2025-12-21 11:31:36,installed,xserver-common,2:21.1.12-1ubuntu1.5
2025-12-21 11:31:36, installed, xserver-common                               , 2:21.1.12-1ubuntu1.5
2025-12-21 11:31:36,installed,xserver-xorg-legacy,2:21.1.12-1ubuntu1.5
2025-12-21 11:31:36, installed, xserver-xorg-legacy                          , 2:21.1.12-1ubuntu1.5
2025-12-21 11:31:36,installed,xwayland,2:23.2.6-1ubuntu0.7
2025-12-21 11:31:36, installed, xwayland                                     , 2:23.2.6-1ubuntu0.7
2025-12-21 11:31:36,installed,xxd,2:9.1.0016-1ubuntu7.9
2025-12-21 11:31:36, installed, xxd                                          , 2:9.1.0016-1ubuntu7.9
2025-12-21 11:31:37,installed,cups-ppdc,2.4.7-1.2ubuntu7.9
2025-12-21 11:31:37, installed, cups-ppdc                                    , 2.4.7-1.2ubuntu7.9
2025-12-21 11:31:37,installed,gstreamer1.0-alsa,1.24.2-1ubuntu0.3
2025-12-21 11:31:37, installed, gstreamer1.0-alsa                            , 1.24.2-1ubuntu0.3
2025-12-21 11:31:37,installed,gstreamer1.0-x,1.24.2-1ubuntu0.3
2025-12-21 11:31:37, installed, gstreamer1.0-x                               , 1.24.2-1ubuntu0.3
2025-12-21 11:31:37,installed,python3.12-minimal,3.12.3-1ubuntu0.9
2025-12-21 11:31:37, installed, python3.12-minimal                           , 3.12.3-1ubuntu0.9
2025-12-21 11:31:37,installed,udisks2,2.10.1-6ubuntu1.3
2025-12-21 11:31:37, installed, udisks2                                      , 2.10.1-6ubuntu1.3
2025-12-21 11:31:38,installed,bind9-libs,1:9.18.39-0ubuntu0.24.04.2
2025-12-21 11:31:38, installed, bind9-libs                                   , 1:9.18.39-0ubuntu0.24.04.2
2025-12-21 11:31:38,installed,libpoppler134,24.02.0-1ubuntu9.8
2025-12-21 11:31:38, installed, libpoppler134                                , 24.02.0-1ubuntu9.8
2025-12-21 11:31:38,installed,libpython3.12-stdlib,3.12.3-1ubuntu0.9
2025-12-21 11:31:38, installed, libpython3.12-stdlib                         , 3.12.3-1ubuntu0.9
2025-12-21 11:31:39,installed,bind9-host,1:9.18.39-0ubuntu0.24.04.2
2025-12-21 11:31:39, installed, bind9-host                                   , 1:9.18.39-0ubuntu0.24.04.2
2025-12-21 11:31:39,installed,cups-client,2.4.7-1.2ubuntu7.9
2025-12-21 11:31:39, installed, cups-client                                  , 2.4.7-1.2ubuntu7.9
2025-12-21 11:31:39,installed,cups-daemon,2.4.7-1.2ubuntu7.9
2025-12-21 11:31:39, installed, cups-daemon                                  , 2.4.7-1.2ubuntu7.9
2025-12-21 11:31:39,installed,gir1.2-javascriptcoregtk-4.1,2.50.2-0ubuntu0.24.04.2
2025-12-21 11:31:39, installed, gir1.2-javascriptcoregtk-4.1                 , 2.50.2-0ubuntu0.24.04.2
2025-12-21 11:31:39,installed,gir1.2-javascriptcoregtk-6.0,2.50.2-0ubuntu0.24.04.2
2025-12-21 11:31:39, installed, gir1.2-javascriptcoregtk-6.0                 , 2.50.2-0ubuntu0.24.04.2
2025-12-21 11:31:39,installed,gir1.2-soup-3.0,3.4.4-5ubuntu0.6
2025-12-21 11:31:39, installed, gir1.2-soup-3.0                              , 3.4.4-5ubuntu0.6
2025-12-21 11:31:39,installed,libcupsfilters2t64,2.0.0-0ubuntu7.2
2025-12-21 11:31:39, installed, libcupsfilters2t64                           , 2.0.0-0ubuntu7.2
2025-12-21 11:31:39,installed,libcupsimage2t64,2.4.7-1.2ubuntu7.9
2025-12-21 11:31:39, installed, libcupsimage2t64                             , 2.4.7-1.2ubuntu7.9
2025-12-21 11:31:39,installed,libgs10,10.02.1~dfsg1-0ubuntu7.8
2025-12-21 11:31:39, installed, libgs10                                      , 10.02.1~dfsg1-0ubuntu7.8
2025-12-21 11:31:39,installed,libpoppler-cpp0t64,24.02.0-1ubuntu9.8
2025-12-21 11:31:39, installed, libpoppler-cpp0t64                           , 24.02.0-1ubuntu9.8
2025-12-21 11:31:39,installed,libpoppler-glib8t64,24.02.0-1ubuntu9.8
2025-12-21 11:31:39, installed, libpoppler-glib8t64                          , 24.02.0-1ubuntu9.8
2025-12-21 11:31:39,installed,libpython3.12t64,3.12.3-1ubuntu0.9
2025-12-21 11:31:39, installed, libpython3.12t64                             , 3.12.3-1ubuntu0.9
2025-12-21 11:31:39,installed,libpython3-stdlib,3.12.3-0ubuntu2.1
2025-12-21 11:31:39, installed, libpython3-stdlib                            , 3.12.3-0ubuntu2.1
2025-12-21 11:31:39,installed,libsmbclient0,2:4.19.5+dfsg-4ubuntu9.4
2025-12-21 11:31:39, installed, libsmbclient0                                , 2:4.19.5+dfsg-4ubuntu9.4
2025-12-21 11:31:39,installed,libsoup-3.0-0,3.4.4-5ubuntu0.6
2025-12-21 11:31:39, installed, libsoup-3.0-0                                , 3.4.4-5ubuntu0.6
2025-12-21 11:31:39,installed,poppler-utils,24.02.0-1ubuntu9.8
2025-12-21 11:31:39, installed, poppler-utils                                , 24.02.0-1ubuntu9.8
2025-12-21 11:31:39,installed,python3.12,3.12.3-1ubuntu0.9
2025-12-21 11:31:39, installed, python3.12                                   , 3.12.3-1ubuntu0.9
2025-12-21 11:31:39,installed,samba-libs,2:4.19.5+dfsg-4ubuntu9.4
2025-12-21 11:31:39, installed, samba-libs                                   , 2:4.19.5+dfsg-4ubuntu9.4
2025-12-21 11:31:39,installed,vim-tiny,2:9.1.0016-1ubuntu7.9
2025-12-21 11:31:39, installed, vim-tiny                                     , 2:9.1.0016-1ubuntu7.9
2025-12-21 11:31:39,installed,xserver-xephyr,2:21.1.12-1ubuntu1.5
2025-12-21 11:31:39, installed, xserver-xephyr                               , 2:21.1.12-1ubuntu1.5
2025-12-21 11:31:39,installed,xserver-xorg-core,2:21.1.12-1ubuntu1.5
2025-12-21 11:31:39, installed, xserver-xorg-core                            , 2:21.1.12-1ubuntu1.5
2025-12-21 11:31:40,installed,cups-bsd,2.4.7-1.2ubuntu7.9
2025-12-21 11:31:40, installed, cups-bsd                                     , 2.4.7-1.2ubuntu7.9
2025-12-21 11:31:40,installed,gstreamer1.0-plugins-good,1.24.2-1ubuntu1.2
2025-12-21 11:31:40, installed, gstreamer1.0-plugins-good                    , 1.24.2-1ubuntu1.2
2025-12-21 11:31:42,installed,bind9-dnsutils,1:9.18.39-0ubuntu0.24.04.2
2025-12-21 11:31:42, installed, bind9-dnsutils                               , 1:9.18.39-0ubuntu0.24.04.2
2025-12-21 11:31:42,installed,cups-core-drivers,2.4.7-1.2ubuntu7.9
2025-12-21 11:31:42, installed, cups-core-drivers                            , 2.4.7-1.2ubuntu7.9
2025-12-21 11:31:42,installed,cups-filters,2.0.0-0ubuntu4.1
2025-12-21 11:31:42, installed, cups-filters                                 , 2.0.0-0ubuntu4.1
2025-12-21 11:31:42,installed,cups-filters-core-drivers,2.0.0-0ubuntu4.1
2025-12-21 11:31:42, installed, cups-filters-core-drivers                    , 2.0.0-0ubuntu4.1
2025-12-21 11:31:42,installed,ghostscript,10.02.1~dfsg1-0ubuntu7.8
2025-12-21 11:31:42, installed, ghostscript                                  , 10.02.1~dfsg1-0ubuntu7.8
2025-12-21 11:31:42,installed,gir1.2-webkit2-4.1,2.50.2-0ubuntu0.24.04.2
2025-12-21 11:31:42, installed, gir1.2-webkit2-4.1                           , 2.50.2-0ubuntu0.24.04.2
2025-12-21 11:31:42,installed,libwebkit2gtk-4.1-0,2.50.2-0ubuntu0.24.04.2
2025-12-21 11:31:42, installed, libwebkit2gtk-4.1-0                          , 2.50.2-0ubuntu0.24.04.2
2025-12-21 11:31:42,installed,python3,3.12.3-0ubuntu2.1
2025-12-21 11:31:42, installed, python3                                      , 3.12.3-0ubuntu2.1
2025-12-21 11:31:42,installed,python3-urllib3,2.0.7-1ubuntu0.3
2025-12-21 11:31:42, installed, python3-urllib3                              , 2.0.7-1ubuntu0.3
2025-12-21 11:31:48,installed,cups,2.4.7-1.2ubuntu7.9
2025-12-21 11:31:48, installed, cups                                         , 2.4.7-1.2ubuntu7.9
2025-12-21 11:31:48,installed,gir1.2-webkit-6.0,2.50.2-0ubuntu0.24.04.2
2025-12-21 11:31:48, installed, gir1.2-webkit-6.0                            , 2.50.2-0ubuntu0.24.04.2
2025-12-21 11:31:48,installed,gnome-menus,3.36.0-1.1ubuntu3
2025-12-21 11:31:48, installed, gnome-menus                                  , 3.36.0-1.1ubuntu3
2025-12-21 11:31:48,installed,libc-bin,2.39-0ubuntu8.6
2025-12-21 11:31:48, installed, libc-bin                                     , 2.39-0ubuntu8.6
2025-12-21 11:31:48,installed,libwebkitgtk-6.0-4,2.50.2-0ubuntu0.24.04.2
2025-12-21 11:31:48, installed, libwebkitgtk-6.0-4                           , 2.50.2-0ubuntu0.24.04.2
2025-12-21 11:31:48,installed,python3-apt,2.7.7ubuntu5.1
2025-12-21 11:31:48, installed, python3-apt                                  , 2.7.7ubuntu5.1
2025-12-21 11:31:48,installed,systemd,255.4-1ubuntu8.10
2025-12-21 11:31:48, installed, systemd                                      , 255.4-1ubuntu8.10
2025-12-21 11:31:48,installed,ufw,0.36.2-6
2025-12-21 11:31:48, installed, ufw                                          , 0.36.2-6
2025-12-21 11:31:50,installed,dbus,1.14.10-4ubuntu4.1
2025-12-21 11:31:50, installed, dbus                                         , 1.14.10-4ubuntu4.1
2025-12-21 11:31:50,installed,evolution-data-server-common,3.52.3-0ubuntu1.1
2025-12-21 11:31:50, installed, evolution-data-server-common                 , 3.52.3-0ubuntu1.1
2025-12-21 11:31:50,installed,libedataserver-1.2-27t64,3.52.3-0ubuntu1.1
2025-12-21 11:31:50, installed, libedataserver-1.2-27t64                     , 3.52.3-0ubuntu1.1
2025-12-21 11:31:50,installed,libglib2.0-0t64,2.80.0-6ubuntu3.4
2025-12-21 11:31:50, installed, libglib2.0-0t64                              , 2.80.0-6ubuntu3.4
2025-12-21 11:31:50,installed,man-db,2.12.0-4build2
2025-12-21 11:31:50, installed, man-db                                       , 2.12.0-4build2
2025-12-21 11:31:51,installed,desktop-file-utils,0.27-2build1
2025-12-21 11:31:51, installed, desktop-file-utils                           , 0.27-2build1
2025-12-21 11:31:51,installed,evolution-data-server,3.52.3-0ubuntu1.1
2025-12-21 11:31:51, installed, evolution-data-server                        , 3.52.3-0ubuntu1.1
2025-12-21 11:31:51,installed,hicolor-icon-theme,0.17-2
2025-12-21 11:31:51, installed, hicolor-icon-theme                           , 0.17-2
2025-12-21 11:31:51,installed,libc-bin,2.39-0ubuntu8.6
2025-12-21 11:31:51, installed, libc-bin                                     , 2.39-0ubuntu8.6
2025-12-21 11:31:51,installed,libebackend-1.2-11t64,3.52.3-0ubuntu1.1
2025-12-21 11:31:51, installed, libebackend-1.2-11t64                        , 3.52.3-0ubuntu1.1
2025-12-21 11:31:51,installed,libebook-1.2-21t64,3.52.3-0ubuntu1.1
2025-12-21 11:31:51, installed, libebook-1.2-21t64                           , 3.52.3-0ubuntu1.1
2025-12-21 11:31:51,installed,libebook-contacts-1.2-4t64,3.52.3-0ubuntu1.1
2025-12-21 11:31:51, installed, libebook-contacts-1.2-4t64                   , 3.52.3-0ubuntu1.1
2025-12-21 11:31:51,installed,libecal-2.0-3,3.52.3-0ubuntu1.1
2025-12-21 11:31:51, installed, libecal-2.0-3                                , 3.52.3-0ubuntu1.1
2025-12-21 11:31:51,installed,libedata-book-1.2-27t64,3.52.3-0ubuntu1.1
2025-12-21 11:31:51, installed, libedata-book-1.2-27t64                      , 3.52.3-0ubuntu1.1
2025-12-21 11:31:51,installed,libedata-cal-2.0-2t64,3.52.3-0ubuntu1.1
2025-12-21 11:31:51, installed, libedata-cal-2.0-2t64                        , 3.52.3-0ubuntu1.1
2025-12-21 11:31:51,installed,libedataserverui-1.2-4t64,3.52.3-0ubuntu1.1
2025-12-21 11:31:51, installed, libedataserverui-1.2-4t64                    , 3.52.3-0ubuntu1.1
2025-12-21 11:39:07,installed,desktop-file-utils,0.27-2build1
2025-12-21 11:39:07, installed, desktop-file-utils                           , 0.27-2build1
2025-12-21 11:39:07,installed,github-desktop,3.4.12-linux1
2025-12-21 11:39:07, installed, github-desktop                               , 3.4.12-linux1
2025-12-21 11:39:07,installed,gnome-menus,3.36.0-1.1ubuntu3
2025-12-21 11:39:07, installed, gnome-menus                                  , 3.36.0-1.1ubuntu3
2025-12-21 11:39:07,installed,hicolor-icon-theme,0.17-2
2025-12-21 11:39:07, installed, hicolor-icon-theme                           , 0.17-2
2025-12-21 11:44:23,installed,code,1.107.1-1765982436
2025-12-21 11:44:23, installed, code                                         , 1.107.1-1765982436
2025-12-21 11:44:23,installed,gnome-menus,3.36.0-1.1ubuntu3
2025-12-21 11:44:23, installed, gnome-menus                                  , 3.36.0-1.1ubuntu3
2025-12-21 11:44:26,installed,desktop-file-utils,0.27-2build1
2025-12-21 11:44:26, installed, desktop-file-utils                           , 0.27-2build1
2025-12-21 11:44:26,installed,shared-mime-info,2.4-4
2025-12-21 11:44:26, installed, shared-mime-info                             , 2.4-4
2025-12-22 12:42:46,installed,git,1:2.43.0-1ubuntu7.3
2025-12-22 12:42:46, installed, git                                          , 1:2.43.0-1ubuntu7.3
2025-12-22 12:42:46,installed,git-man,1:2.43.0-1ubuntu7.3
2025-12-22 12:42:46, installed, git-man                                      , 1:2.43.0-1ubuntu7.3
2025-12-22 12:42:46,installed,liberror-perl,0.17029-2
2025-12-22 12:42:46, installed, liberror-perl                                , 0.17029-2
2025-12-22 12:42:49,installed,man-db,2.12.0-4build2
2025-12-22 12:42:49, installed, man-db                                       , 2.12.0-4build2
2025-12-29 19:27:11,installed,binutils-common,2.42-4ubuntu2.8
2025-12-29 19:27:11,installed,libctf-nobfd0,2.42-4ubuntu2.8
2025-12-29 19:27:12,installed,binutils,2.42-4ubuntu2.8
2025-12-29 19:27:12,installed,binutils-x86-64-linux-gnu,2.42-4ubuntu2.8
2025-12-29 19:27:12,installed,libbinutils,2.42-4ubuntu2.8
2025-12-29 19:27:12,installed,libctf0,2.42-4ubuntu2.8
2025-12-29 19:27:12,installed,libgprofng0,2.42-4ubuntu2.8
2025-12-29 19:27:12,installed,libsframe1,2.42-4ubuntu2.8
2025-12-29 19:27:13,installed,libc-bin,2.39-0ubuntu8.6
2025-12-29 19:27:34,installed,man-db,2.12.0-4build2
2025-12-29 19:27:46,installed,libc-bin,2.39-0ubuntu8.6
2025-12-29 19:27:46,installed,libpng16-16t64,1.6.43-5ubuntu0.1
2025-12-29 19:28:11,installed,libjavascriptcoregtk-4.1-0,2.50.2-0ubuntu0.24.04.2
2025-12-29 19:28:12,installed,gir1.2-javascriptcoregtk-4.1,2.50.2-0ubuntu0.24.04.2
2025-12-29 19:28:12,installed,gir1.2-javascriptcoregtk-6.0,2.50.2-0ubuntu0.24.04.2
2025-12-29 19:28:12,installed,gir1.2-webkit2-4.1,2.50.2-0ubuntu0.24.04.2
2025-12-29 19:28:12,installed,gir1.2-webkit-6.0,2.50.2-0ubuntu0.24.04.2
2025-12-29 19:28:12,installed,libc-bin,2.39-0ubuntu8.6
2025-12-29 19:28:12,installed,libjavascriptcoregtk-6.0-1,2.50.2-0ubuntu0.24.04.2
2025-12-29 19:28:12,installed,libwebkit2gtk-4.1-0,2.50.2-0ubuntu0.24.04.2
2025-12-29 19:28:12,installed,libwebkitgtk-6.0-4,2.50.2-0ubuntu0.24.04.2
2025-12-29 19:31:02,installed,linux-hwe-6.14-headers-6.14.0-37,6.14.0-37.37~24.04.1
2025-12-29 19:31:12,installed,linux-headers-6.14.0-37-generic,6.14.0-37.37~24.04.1
2025-12-29 19:31:12,installed,linux-hwe-6.14-tools-6.14.0-37,6.14.0-37.37~24.04.1
2025-12-29 19:31:12,installed,linux-modules-6.14.0-37-generic,6.14.0-37.37~24.04.1
2025-12-29 19:31:19,installed,linux-image-6.14.0-37-generic,6.14.0-37.37~24.04.1
2025-12-29 19:31:25,installed,linux-headers-generic-hwe-24.04,6.14.0-37.37~24.04.1
2025-12-29 19:31:25,installed,linux-image-generic-hwe-24.04,6.14.0-37.37~24.04.1
2025-12-29 19:31:25,installed,linux-modules-extra-6.14.0-37-generic,6.14.0-37.37~24.04.1
2025-12-29 19:31:25,installed,linux-tools-6.14.0-37-generic,6.14.0-37.37~24.04.1
2025-12-29 19:31:26,installed,linux-generic-hwe-24.04,6.14.0-37.37~24.04.1
2025-12-29 19:32:16,installed,linux-image-6.14.0-37-generic,6.14.0-37.37~24.04.1
2025-12-29 19:32:26,installed,python3-urllib3,2.0.7-1ubuntu0.3
2025-12-29 19:32:37,installed,python3-apt,2.7.7ubuntu5.1
2025-12-29 19:32:37,installed,python-apt-common,2.7.7ubuntu5.1
2025-12-29 19:32:45,installed,linux-tools-6.14.0-33-generic,6.14.0-33.33~24.04.1
2025-12-29 19:32:46,installed,linux-hwe-6.14-tools-6.14.0-33,6.14.0-33.33~24.04.1
2025-12-29 19:32:53,installed,linux-headers-6.14.0-33-generic,6.14.0-33.33~24.04.1
2025-12-29 19:32:56,installed,linux-hwe-6.14-headers-6.14.0-33,6.14.0-33.33~24.04.1
2025-12-29 19:33:18,installed,linux-modules-extra-6.14.0-33-generic,6.14.0-33.33~24.04.1
2025-12-29 19:33:37,installed,linux-image-6.14.0-33-generic,6.14.0-33.33~24.04.1
2025-12-29 19:33:51,installed,linux-modules-6.14.0-33-generic,6.14.0-33.33~24.04.1
